mode: set
github.com/ivpn/dns/api/api/accounts.go:30.53,31.38 1 1
github.com/ivpn/dns/api/api/accounts.go:31.38,33.41 2 1
github.com/ivpn/dns/api/api/accounts.go:33.41,35.4 1 0
github.com/ivpn/dns/api/api/accounts.go:37.3,38.20 2 1
github.com/ivpn/dns/api/api/accounts.go:38.20,40.29 2 1
github.com/ivpn/dns/api/api/accounts.go:40.29,42.5 1 1
github.com/ivpn/dns/api/api/accounts.go:43.4,43.76 1 1
github.com/ivpn/dns/api/api/accounts.go:46.3,47.17 2 1
github.com/ivpn/dns/api/api/accounts.go:47.17,49.98 1 1
github.com/ivpn/dns/api/api/accounts.go:49.98,51.5 1 1
github.com/ivpn/dns/api/api/accounts.go:53.4,53.61 1 0
github.com/ivpn/dns/api/api/accounts.go:53.61,55.5 1 0
github.com/ivpn/dns/api/api/accounts.go:56.4,56.66 1 0
github.com/ivpn/dns/api/api/accounts.go:60.3,60.83 1 1
github.com/ivpn/dns/api/api/accounts.go:62.2,62.16 1 1
github.com/ivpn/dns/api/api/accounts.go:75.48,76.38 1 1
github.com/ivpn/dns/api/api/accounts.go:76.38,80.17 3 0
github.com/ivpn/dns/api/api/accounts.go:80.17,82.4 1 0
github.com/ivpn/dns/api/api/accounts.go:84.3,84.37 1 0
github.com/ivpn/dns/api/api/accounts.go:86.2,86.16 1 1
github.com/ivpn/dns/api/api/accounts.go:102.51,103.38 1 1
github.com/ivpn/dns/api/api/accounts.go:103.38,105.47 2 1
github.com/ivpn/dns/api/api/accounts.go:105.47,107.4 1 1
github.com/ivpn/dns/api/api/accounts.go:109.3,110.23 2 1
github.com/ivpn/dns/api/api/accounts.go:110.23,112.4 1 0
github.com/ivpn/dns/api/api/accounts.go:114.3,116.95 3 1
github.com/ivpn/dns/api/api/accounts.go:116.95,118.4 1 1
github.com/ivpn/dns/api/api/accounts.go:120.3,120.27 1 1
github.com/ivpn/dns/api/api/accounts.go:122.2,122.16 1 1
github.com/ivpn/dns/api/api/accounts.go:137.51,138.38 1 1
github.com/ivpn/dns/api/api/accounts.go:138.38,142.47 3 0
github.com/ivpn/dns/api/api/accounts.go:142.47,144.4 1 0
github.com/ivpn/dns/api/api/accounts.go:146.3,147.23 2 0
github.com/ivpn/dns/api/api/accounts.go:147.23,149.4 1 0
github.com/ivpn/dns/api/api/accounts.go:151.3,153.17 3 0
github.com/ivpn/dns/api/api/accounts.go:153.17,155.4 1 0
github.com/ivpn/dns/api/api/accounts.go:157.3,157.27 1 0
github.com/ivpn/dns/api/api/accounts.go:159.2,159.16 1 1
github.com/ivpn/dns/api/api/accounts.go:173.58,174.38 1 1
github.com/ivpn/dns/api/api/accounts.go:174.38,178.17 3 0
github.com/ivpn/dns/api/api/accounts.go:178.17,180.4 1 0
github.com/ivpn/dns/api/api/accounts.go:182.3,182.26 1 0
github.com/ivpn/dns/api/api/accounts.go:184.2,184.16 1 1
github.com/ivpn/dns/api/api/auth.go:32.43,33.38 1 1
github.com/ivpn/dns/api/api/auth.go:33.38,35.41 2 0
github.com/ivpn/dns/api/api/auth.go:35.41,37.4 1 0
github.com/ivpn/dns/api/api/auth.go:39.3,41.23 3 0
github.com/ivpn/dns/api/api/auth.go:41.23,43.4 1 0
github.com/ivpn/dns/api/api/auth.go:45.3,46.17 2 0
github.com/ivpn/dns/api/api/auth.go:46.17,47.51 1 0
github.com/ivpn/dns/api/api/auth.go:47.51,50.5 1 0
github.com/ivpn/dns/api/api/auth.go:51.4,52.56 2 0
github.com/ivpn/dns/api/api/auth.go:55.3,55.65 1 0
github.com/ivpn/dns/api/api/auth.go:55.65,57.4 1 0
github.com/ivpn/dns/api/api/auth.go:58.3,58.57 1 0
github.com/ivpn/dns/api/api/auth.go:58.57,60.4 1 0
github.com/ivpn/dns/api/api/auth.go:62.3,63.67 2 0
github.com/ivpn/dns/api/api/auth.go:63.67,65.4 1 0
github.com/ivpn/dns/api/api/auth.go:68.3,68.38 1 0
github.com/ivpn/dns/api/api/auth.go:68.38,69.89 1 0
github.com/ivpn/dns/api/api/auth.go:69.89,72.5 2 0
github.com/ivpn/dns/api/api/auth.go:73.9,76.18 2 0
github.com/ivpn/dns/api/api/auth.go:76.18,79.5 2 0
github.com/ivpn/dns/api/api/auth.go:80.4,80.42 1 0
github.com/ivpn/dns/api/api/auth.go:80.42,82.5 1 0
github.com/ivpn/dns/api/api/auth.go:85.3,93.17 4 0
github.com/ivpn/dns/api/api/auth.go:93.17,97.4 1 0
github.com/ivpn/dns/api/api/auth.go:99.3,100.17 2 0
github.com/ivpn/dns/api/api/auth.go:100.17,104.4 1 0
github.com/ivpn/dns/api/api/auth.go:107.3,117.38 2 0
github.com/ivpn/dns/api/api/auth.go:119.2,119.16 1 1
github.com/ivpn/dns/api/api/auth.go:130.44,131.38 1 1
github.com/ivpn/dns/api/api/auth.go:131.38,133.32 2 0
github.com/ivpn/dns/api/api/auth.go:133.32,135.4 1 0
github.com/ivpn/dns/api/api/auth.go:137.3,137.76 1 0
github.com/ivpn/dns/api/api/auth.go:137.76,139.4 1 0
github.com/ivpn/dns/api/api/auth.go:141.3,143.38 2 0
github.com/ivpn/dns/api/api/auth.go:145.2,145.16 1 1
github.com/ivpn/dns/api/api/auth.go:151.48,152.21 1 1
github.com/ivpn/dns/api/api/auth.go:152.21,161.3 1 1
github.com/ivpn/dns/api/api/blocklists.go:28.51,29.38 1 1
github.com/ivpn/dns/api/api/blocklists.go:29.38,33.67 2 1
github.com/ivpn/dns/api/api/blocklists.go:33.67,35.4 1 1
github.com/ivpn/dns/api/api/blocklists.go:37.3,39.29 3 1
github.com/ivpn/dns/api/api/blocklists.go:39.29,42.18 3 1
github.com/ivpn/dns/api/api/blocklists.go:42.18,44.5 1 0
github.com/ivpn/dns/api/api/blocklists.go:45.4,45.35 1 1
github.com/ivpn/dns/api/api/blocklists.go:48.3,49.17 2 1
github.com/ivpn/dns/api/api/blocklists.go:49.17,54.4 2 0
github.com/ivpn/dns/api/api/blocklists.go:56.3,56.40 1 1
github.com/ivpn/dns/api/api/blocklists.go:58.2,58.16 1 1
github.com/ivpn/dns/api/api/blocklists.go:74.54,75.38 1 1
github.com/ivpn/dns/api/api/blocklists.go:75.38,80.47 4 0
github.com/ivpn/dns/api/api/blocklists.go:80.47,82.4 1 0
github.com/ivpn/dns/api/api/blocklists.go:84.3,85.23 2 0
github.com/ivpn/dns/api/api/blocklists.go:85.23,87.4 1 0
github.com/ivpn/dns/api/api/blocklists.go:88.3,88.37 1 0
github.com/ivpn/dns/api/api/blocklists.go:88.37,90.4 1 0
github.com/ivpn/dns/api/api/blocklists.go:92.3,92.109 1 0
github.com/ivpn/dns/api/api/blocklists.go:92.109,94.4 1 0
github.com/ivpn/dns/api/api/blocklists.go:96.3,96.27 1 0
github.com/ivpn/dns/api/api/blocklists.go:98.2,98.16 1 1
github.com/ivpn/dns/api/api/blocklists.go:114.55,115.38 1 1
github.com/ivpn/dns/api/api/blocklists.go:115.38,120.47 4 0
github.com/ivpn/dns/api/api/blocklists.go:120.47,122.4 1 0
github.com/ivpn/dns/api/api/blocklists.go:124.3,125.23 2 0
github.com/ivpn/dns/api/api/blocklists.go:125.23,127.4 1 0
github.com/ivpn/dns/api/api/blocklists.go:128.3,128.37 1 0
github.com/ivpn/dns/api/api/blocklists.go:128.37,130.4 1 0
github.com/ivpn/dns/api/api/blocklists.go:132.3,132.110 1 0
github.com/ivpn/dns/api/api/blocklists.go:132.110,134.4 1 0
github.com/ivpn/dns/api/api/blocklists.go:136.3,136.27 1 0
github.com/ivpn/dns/api/api/blocklists.go:138.2,138.16 1 1
github.com/ivpn/dns/api/api/custom_rules.go:25.61,26.38 1 1
github.com/ivpn/dns/api/api/custom_rules.go:26.38,30.41 3 0
github.com/ivpn/dns/api/api/custom_rules.go:30.41,32.4 1 0
github.com/ivpn/dns/api/api/custom_rules.go:34.3,35.23 2 0
github.com/ivpn/dns/api/api/custom_rules.go:35.23,37.4 1 0
github.com/ivpn/dns/api/api/custom_rules.go:39.3,40.106 2 0
github.com/ivpn/dns/api/api/custom_rules.go:40.106,42.4 1 0
github.com/ivpn/dns/api/api/custom_rules.go:44.3,44.27 1 0
github.com/ivpn/dns/api/api/custom_rules.go:46.2,46.16 1 1
github.com/ivpn/dns/api/api/custom_rules.go:61.67,62.38 1 1
github.com/ivpn/dns/api/api/custom_rules.go:62.38,66.41 3 0
github.com/ivpn/dns/api/api/custom_rules.go:66.41,68.4 1 0
github.com/ivpn/dns/api/api/custom_rules.go:70.3,71.23 2 0
github.com/ivpn/dns/api/api/custom_rules.go:71.23,73.4 1 0
github.com/ivpn/dns/api/api/custom_rules.go:75.3,77.17 3 0
github.com/ivpn/dns/api/api/custom_rules.go:77.17,79.4 1 0
github.com/ivpn/dns/api/api/custom_rules.go:81.3,88.39 2 0
github.com/ivpn/dns/api/api/custom_rules.go:88.39,93.4 1 0
github.com/ivpn/dns/api/api/custom_rules.go:95.3,95.42 1 0
github.com/ivpn/dns/api/api/custom_rules.go:95.42,101.4 1 0
github.com/ivpn/dns/api/api/custom_rules.go:103.3,103.49 1 0
github.com/ivpn/dns/api/api/custom_rules.go:105.2,105.16 1 1
github.com/ivpn/dns/api/api/custom_rules.go:120.61,121.38 1 1
github.com/ivpn/dns/api/api/custom_rules.go:121.38,126.101 4 0
github.com/ivpn/dns/api/api/custom_rules.go:126.101,129.4 2 0
github.com/ivpn/dns/api/api/custom_rules.go:131.3,131.27 1 0
github.com/ivpn/dns/api/api/custom_rules.go:133.2,133.16 1 1
github.com/ivpn/dns/api/api/errors.go:71.83,75.22 3 1
github.com/ivpn/dns/api/api/errors.go:75.22,77.3 1 1
github.com/ivpn/dns/api/api/errors.go:78.2,78.39 1 1
github.com/ivpn/dns/api/api/errors.go:78.39,81.3 2 1
github.com/ivpn/dns/api/api/errors.go:83.2,83.45 1 1
github.com/ivpn/dns/api/api/errors.go:83.45,84.36 1 1
github.com/ivpn/dns/api/api/errors.go:84.36,85.24 1 1
github.com/ivpn/dns/api/api/errors.go:85.24,87.12 2 1
github.com/ivpn/dns/api/api/errors.go:88.48,90.48 1 1
github.com/ivpn/dns/api/api/errors.go:91.84,93.52 1 1
github.com/ivpn/dns/api/api/errors.go:94.13,96.40 1 1
github.com/ivpn/dns/api/api/errors.go:98.5,98.36 1 1
github.com/ivpn/dns/api/api/errors.go:103.2,103.25 1 1
github.com/ivpn/dns/api/api/errors.go:104.26,107.34 3 1
github.com/ivpn/dns/api/api/errors.go:108.36,110.101 2 1
github.com/ivpn/dns/api/api/errors.go:110.101,113.4 2 1
github.com/ivpn/dns/api/api/errors.go:114.3,115.34 2 1
github.com/ivpn/dns/api/api/errors.go:116.29,119.34 3 0
github.com/ivpn/dns/api/api/errors.go:120.32,123.34 3 0
github.com/ivpn/dns/api/api/errors.go:126.2,126.13 1 1
github.com/ivpn/dns/api/api/errors.go:127.27,130.34 3 1
github.com/ivpn/dns/api/api/errors.go:131.39,134.34 3 0
github.com/ivpn/dns/api/api/errors.go:135.159,137.34 2 1
github.com/ivpn/dns/api/api/errors.go:138.639,140.34 2 1
github.com/ivpn/dns/api/api/errors.go:141.31,143.34 2 0
github.com/ivpn/dns/api/api/errors.go:144.23,146.34 2 1
github.com/ivpn/dns/api/api/errors.go:147.39,149.34 2 1
github.com/ivpn/dns/api/api/errors.go:150.10,152.34 2 1
github.com/ivpn/dns/api/api/mobileconfig.go:28.58,29.38 1 1
github.com/ivpn/dns/api/api/mobileconfig.go:29.38,31.41 2 1
github.com/ivpn/dns/api/api/mobileconfig.go:31.41,33.4 1 1
github.com/ivpn/dns/api/api/mobileconfig.go:35.3,36.23 2 1
github.com/ivpn/dns/api/api/mobileconfig.go:36.23,38.4 1 1
github.com/ivpn/dns/api/api/mobileconfig.go:40.3,42.17 3 1
github.com/ivpn/dns/api/api/mobileconfig.go:42.17,44.4 1 1
github.com/ivpn/dns/api/api/mobileconfig.go:45.3,48.17 4 1
github.com/ivpn/dns/api/api/mobileconfig.go:48.17,50.4 1 1
github.com/ivpn/dns/api/api/mobileconfig.go:52.3,57.42 4 1
github.com/ivpn/dns/api/api/mobileconfig.go:59.2,59.16 1 1
github.com/ivpn/dns/api/api/mobileconfig.go:73.67,74.38 1 1
github.com/ivpn/dns/api/api/mobileconfig.go:74.38,76.41 2 1
github.com/ivpn/dns/api/api/mobileconfig.go:76.41,78.4 1 1
github.com/ivpn/dns/api/api/mobileconfig.go:80.3,81.23 2 1
github.com/ivpn/dns/api/api/mobileconfig.go:81.23,83.4 1 1
github.com/ivpn/dns/api/api/mobileconfig.go:85.3,87.17 3 1
github.com/ivpn/dns/api/api/mobileconfig.go:87.17,89.4 1 1
github.com/ivpn/dns/api/api/mobileconfig.go:90.3,93.17 4 1
github.com/ivpn/dns/api/api/mobileconfig.go:93.17,95.4 1 1
github.com/ivpn/dns/api/api/mobileconfig.go:97.3,100.33 4 1
github.com/ivpn/dns/api/api/mobileconfig.go:102.2,102.16 1 1
github.com/ivpn/dns/api/api/mobileconfig.go:114.66,115.38 1 1
github.com/ivpn/dns/api/api/mobileconfig.go:115.38,122.17 5 1
github.com/ivpn/dns/api/api/mobileconfig.go:122.17,124.4 1 1
github.com/ivpn/dns/api/api/mobileconfig.go:125.3,130.71 4 1
github.com/ivpn/dns/api/api/mobileconfig.go:130.71,133.4 2 1
github.com/ivpn/dns/api/api/mobileconfig.go:136.3,142.34 4 1
github.com/ivpn/dns/api/api/mobileconfig.go:144.2,144.16 1 1
github.com/ivpn/dns/api/api/profiles.go:31.51,32.38 1 1
github.com/ivpn/dns/api/api/profiles.go:32.38,34.41 2 0
github.com/ivpn/dns/api/api/profiles.go:34.41,36.4 1 0
github.com/ivpn/dns/api/api/profiles.go:38.3,39.23 2 0
github.com/ivpn/dns/api/api/profiles.go:39.23,41.4 1 0
github.com/ivpn/dns/api/api/profiles.go:43.3,45.17 3 0
github.com/ivpn/dns/api/api/profiles.go:45.17,47.4 1 0
github.com/ivpn/dns/api/api/profiles.go:49.3,54.108 2 0
github.com/ivpn/dns/api/api/profiles.go:54.108,56.4 1 0
github.com/ivpn/dns/api/api/profiles.go:58.3,58.34 1 0
github.com/ivpn/dns/api/api/profiles.go:60.2,60.16 1 1
github.com/ivpn/dns/api/api/profiles.go:73.49,74.38 1 1
github.com/ivpn/dns/api/api/profiles.go:74.38,77.17 3 0
github.com/ivpn/dns/api/api/profiles.go:77.17,80.4 2 0
github.com/ivpn/dns/api/api/profiles.go:82.3,82.38 1 0
github.com/ivpn/dns/api/api/profiles.go:84.2,84.16 1 1
github.com/ivpn/dns/api/api/profiles.go:98.48,99.38 1 1
github.com/ivpn/dns/api/api/profiles.go:99.38,103.17 4 0
github.com/ivpn/dns/api/api/profiles.go:103.17,105.4 1 0
github.com/ivpn/dns/api/api/profiles.go:107.3,107.37 1 0
github.com/ivpn/dns/api/api/profiles.go:109.2,109.16 1 1
github.com/ivpn/dns/api/api/profiles.go:123.51,124.38 1 1
github.com/ivpn/dns/api/api/profiles.go:124.38,128.91 3 0
github.com/ivpn/dns/api/api/profiles.go:128.91,130.55 2 0
github.com/ivpn/dns/api/api/profiles.go:130.55,132.5 1 0
github.com/ivpn/dns/api/api/profiles.go:133.4,133.67 1 0
github.com/ivpn/dns/api/api/profiles.go:136.3,141.109 2 0
github.com/ivpn/dns/api/api/profiles.go:141.109,143.4 1 0
github.com/ivpn/dns/api/api/profiles.go:145.3,145.27 1 0
github.com/ivpn/dns/api/api/profiles.go:147.2,147.16 1 1
github.com/ivpn/dns/api/api/profiles.go:162.51,163.38 1 1
github.com/ivpn/dns/api/api/profiles.go:163.38,167.41 3 0
github.com/ivpn/dns/api/api/profiles.go:167.41,169.4 1 0
github.com/ivpn/dns/api/api/profiles.go:171.3,172.23 2 0
github.com/ivpn/dns/api/api/profiles.go:172.23,174.4 1 0
github.com/ivpn/dns/api/api/profiles.go:177.3,179.17 3 0
github.com/ivpn/dns/api/api/profiles.go:179.17,181.4 1 0
github.com/ivpn/dns/api/api/profiles.go:183.3,183.37 1 0
github.com/ivpn/dns/api/api/profiles.go:185.2,185.16 1 1
github.com/ivpn/dns/api/api/query_logs.go:31.57,32.38 1 1
github.com/ivpn/dns/api/api/query_logs.go:32.38,45.17 4 1
github.com/ivpn/dns/api/api/query_logs.go:45.17,47.4 1 1
github.com/ivpn/dns/api/api/query_logs.go:49.3,51.17 3 1
github.com/ivpn/dns/api/api/query_logs.go:51.17,54.4 2 1
github.com/ivpn/dns/api/api/query_logs.go:56.3,56.39 1 1
github.com/ivpn/dns/api/api/query_logs.go:58.2,58.16 1 1
github.com/ivpn/dns/api/api/query_logs.go:71.62,72.38 1 1
github.com/ivpn/dns/api/api/query_logs.go:72.38,76.17 4 1
github.com/ivpn/dns/api/api/query_logs.go:76.17,79.4 2 1
github.com/ivpn/dns/api/api/query_logs.go:81.3,82.17 2 1
github.com/ivpn/dns/api/api/query_logs.go:82.17,85.4 2 0
github.com/ivpn/dns/api/api/query_logs.go:86.3,89.30 3 1
github.com/ivpn/dns/api/api/query_logs.go:91.2,91.16 1 1
github.com/ivpn/dns/api/api/query_logs.go:103.60,104.38 1 1
github.com/ivpn/dns/api/api/query_logs.go:104.38,108.17 4 1
github.com/ivpn/dns/api/api/query_logs.go:108.17,111.4 2 1
github.com/ivpn/dns/api/api/query_logs.go:113.3,113.27 1 1
github.com/ivpn/dns/api/api/query_logs.go:115.2,115.16 1 1
github.com/ivpn/dns/api/api/reset_password.go:23.60,24.38 1 1
github.com/ivpn/dns/api/api/reset_password.go:24.38,26.41 2 0
github.com/ivpn/dns/api/api/reset_password.go:26.41,28.4 1 0
github.com/ivpn/dns/api/api/reset_password.go:30.3,31.23 2 0
github.com/ivpn/dns/api/api/reset_password.go:31.23,33.4 1 0
github.com/ivpn/dns/api/api/reset_password.go:35.3,35.80 1 0
github.com/ivpn/dns/api/api/reset_password.go:35.80,38.4 1 0
github.com/ivpn/dns/api/api/reset_password.go:39.3,39.44 1 0
github.com/ivpn/dns/api/api/reset_password.go:41.2,41.16 1 1
github.com/ivpn/dns/api/api/reset_password.go:57.57,58.38 1 1
github.com/ivpn/dns/api/api/reset_password.go:58.38,60.41 2 0
github.com/ivpn/dns/api/api/reset_password.go:60.41,62.4 1 0
github.com/ivpn/dns/api/api/reset_password.go:64.3,65.23 2 0
github.com/ivpn/dns/api/api/reset_password.go:65.23,67.4 1 0
github.com/ivpn/dns/api/api/reset_password.go:69.3,70.97 2 0
github.com/ivpn/dns/api/api/reset_password.go:70.97,72.4 1 0
github.com/ivpn/dns/api/api/reset_password.go:73.3,73.44 1 0
github.com/ivpn/dns/api/api/reset_password.go:75.2,75.16 1 1
github.com/ivpn/dns/api/api/server.go:42.228,50.44 3 1
github.com/ivpn/dns/api/api/server.go:50.44,52.3 1 1
github.com/ivpn/dns/api/api/server.go:54.2,71.35 4 1
github.com/ivpn/dns/api/api/server.go:71.35,73.3 1 0
github.com/ivpn/dns/api/api/server.go:75.2,75.20 1 1
github.com/ivpn/dns/api/api/server.go:78.40,95.45 7 1
github.com/ivpn/dns/api/api/server.go:95.45,99.6 3 0
github.com/ivpn/dns/api/api/server.go:106.38,148.78 27 1
github.com/ivpn/dns/api/api/server.go:148.78,148.93 1 0
github.com/ivpn/dns/api/api/server.go:151.2,214.35 38 1
github.com/ivpn/dns/api/api/server.go:214.35,215.48 1 0
github.com/ivpn/dns/api/api/server.go:215.48,215.67 1 0
github.com/ivpn/dns/api/api/server.go:216.8,219.3 1 1
github.com/ivpn/dns/api/api/server.go:221.2,223.80 3 1
github.com/ivpn/dns/api/api/services.go:23.56,24.32 1 1
github.com/ivpn/dns/api/api/services.go:24.32,26.17 2 0
github.com/ivpn/dns/api/api/services.go:26.17,28.4 1 0
github.com/ivpn/dns/api/api/services.go:29.3,29.17 1 0
github.com/ivpn/dns/api/api/services.go:29.17,31.4 1 0
github.com/ivpn/dns/api/api/services.go:32.3,32.33 1 0
github.com/ivpn/dns/api/api/services.go:34.2,34.10 1 1
github.com/ivpn/dns/api/api/services.go:50.52,51.32 1 1
github.com/ivpn/dns/api/api/services.go:51.32,56.47 4 0
github.com/ivpn/dns/api/api/services.go:56.47,58.4 1 0
github.com/ivpn/dns/api/api/services.go:59.3,60.23 2 0
github.com/ivpn/dns/api/api/services.go:60.23,62.4 1 0
github.com/ivpn/dns/api/api/services.go:63.3,63.35 1 0
github.com/ivpn/dns/api/api/services.go:63.35,65.4 1 0
github.com/ivpn/dns/api/api/services.go:67.3,67.105 1 0
github.com/ivpn/dns/api/api/services.go:67.105,69.4 1 0
github.com/ivpn/dns/api/api/services.go:70.3,70.27 1 0
github.com/ivpn/dns/api/api/services.go:72.2,72.10 1 1
github.com/ivpn/dns/api/api/services.go:88.53,89.32 1 1
github.com/ivpn/dns/api/api/services.go:89.32,94.47 4 0
github.com/ivpn/dns/api/api/services.go:94.47,96.4 1 0
github.com/ivpn/dns/api/api/services.go:97.3,98.23 2 0
github.com/ivpn/dns/api/api/services.go:98.23,100.4 1 0
github.com/ivpn/dns/api/api/services.go:101.3,101.35 1 0
github.com/ivpn/dns/api/api/services.go:101.35,103.4 1 0
github.com/ivpn/dns/api/api/services.go:105.3,105.106 1 0
github.com/ivpn/dns/api/api/services.go:105.106,107.4 1 0
github.com/ivpn/dns/api/api/services.go:108.3,108.27 1 0
github.com/ivpn/dns/api/api/services.go:110.2,110.10 1 1
github.com/ivpn/dns/api/api/sessions.go:19.60,20.34 1 1
github.com/ivpn/dns/api/api/sessions.go:20.34,22.29 2 0
github.com/ivpn/dns/api/api/sessions.go:22.29,24.4 1 0
github.com/ivpn/dns/api/api/sessions.go:25.3,26.32 2 0
github.com/ivpn/dns/api/api/sessions.go:26.32,28.4 1 0
github.com/ivpn/dns/api/api/sessions.go:30.3,31.17 2 0
github.com/ivpn/dns/api/api/sessions.go:31.17,36.4 2 0
github.com/ivpn/dns/api/api/sessions.go:38.3,38.45 1 0
github.com/ivpn/dns/api/api/statistics.go:21.51,22.38 1 1
github.com/ivpn/dns/api/api/statistics.go:22.38,29.17 4 0
github.com/ivpn/dns/api/api/statistics.go:29.17,31.4 1 0
github.com/ivpn/dns/api/api/statistics.go:33.3,35.17 3 0
github.com/ivpn/dns/api/api/statistics.go:35.17,37.4 1 0
github.com/ivpn/dns/api/api/statistics.go:39.3,39.35 1 0
github.com/ivpn/dns/api/api/statistics.go:41.2,41.16 1 1
github.com/ivpn/dns/api/api/subscription.go:25.53,26.38 1 1
github.com/ivpn/dns/api/api/subscription.go:26.38,28.43 2 1
github.com/ivpn/dns/api/api/subscription.go:28.43,30.4 1 1
github.com/ivpn/dns/api/api/subscription.go:33.3,34.23 2 1
github.com/ivpn/dns/api/api/subscription.go:34.23,36.4 1 1
github.com/ivpn/dns/api/api/subscription.go:39.3,39.64 1 1
github.com/ivpn/dns/api/api/subscription.go:39.64,42.4 2 1
github.com/ivpn/dns/api/api/subscription.go:45.3,45.89 1 1
github.com/ivpn/dns/api/api/subscription.go:45.89,47.4 1 0
github.com/ivpn/dns/api/api/subscription.go:49.3,49.72 1 1
github.com/ivpn/dns/api/api/subscription.go:51.2,51.16 1 1
github.com/ivpn/dns/api/api/subscription.go:67.53,68.34 1 1
github.com/ivpn/dns/api/api/subscription.go:68.34,72.17 3 1
github.com/ivpn/dns/api/api/subscription.go:72.17,74.4 1 1
github.com/ivpn/dns/api/api/subscription.go:75.3,75.42 1 1
github.com/ivpn/dns/api/api/totp.go:20.48,21.38 1 1
github.com/ivpn/dns/api/api/totp.go:21.38,24.17 3 0
github.com/ivpn/dns/api/api/totp.go:24.17,26.4 1 0
github.com/ivpn/dns/api/api/totp.go:28.3,28.34 1 0
github.com/ivpn/dns/api/api/totp.go:30.2,30.16 1 1
github.com/ivpn/dns/api/api/totp.go:43.48,44.38 1 1
github.com/ivpn/dns/api/api/totp.go:44.38,46.41 2 0
github.com/ivpn/dns/api/api/totp.go:46.41,48.4 1 0
github.com/ivpn/dns/api/api/totp.go:50.3,51.23 2 0
github.com/ivpn/dns/api/api/totp.go:51.23,53.4 1 0
github.com/ivpn/dns/api/api/totp.go:54.3,56.17 3 0
github.com/ivpn/dns/api/api/totp.go:56.17,58.4 1 0
github.com/ivpn/dns/api/api/totp.go:59.3,59.36 1 0
github.com/ivpn/dns/api/api/totp.go:61.2,61.16 1 1
github.com/ivpn/dns/api/api/totp.go:74.48,75.38 1 1
github.com/ivpn/dns/api/api/totp.go:75.38,77.41 2 0
github.com/ivpn/dns/api/api/totp.go:77.41,79.4 1 0
github.com/ivpn/dns/api/api/totp.go:81.3,82.23 2 0
github.com/ivpn/dns/api/api/totp.go:82.23,84.4 1 0
github.com/ivpn/dns/api/api/totp.go:85.3,87.17 3 0
github.com/ivpn/dns/api/api/totp.go:87.17,89.4 1 0
github.com/ivpn/dns/api/api/totp.go:90.3,90.33 1 0
github.com/ivpn/dns/api/api/totp.go:92.2,92.16 1 1
github.com/ivpn/dns/api/api/verify_email_otp.go:18.65,19.34 1 1
github.com/ivpn/dns/api/api/verify_email_otp.go:19.34,21.22 2 0
github.com/ivpn/dns/api/api/verify_email_otp.go:21.22,23.4 1 0
github.com/ivpn/dns/api/api/verify_email_otp.go:24.3,24.87 1 0
github.com/ivpn/dns/api/api/verify_email_otp.go:24.87,26.4 1 0
github.com/ivpn/dns/api/api/verify_email_otp.go:27.3,27.44 1 0
github.com/ivpn/dns/api/api/verify_email_otp.go:49.52,50.34 1 1
github.com/ivpn/dns/api/api/verify_email_otp.go:50.34,52.22 2 0
github.com/ivpn/dns/api/api/verify_email_otp.go:52.22,54.4 1 0
github.com/ivpn/dns/api/api/verify_email_otp.go:55.3,56.44 2 0
github.com/ivpn/dns/api/api/verify_email_otp.go:56.44,58.4 1 0
github.com/ivpn/dns/api/api/verify_email_otp.go:59.3,59.106 1 0
github.com/ivpn/dns/api/api/verify_email_otp.go:59.106,61.4 1 0
github.com/ivpn/dns/api/api/verify_email_otp.go:62.3,62.84 1 0
github.com/ivpn/dns/api/api/verify_email_otp.go:62.84,64.4 1 0
github.com/ivpn/dns/api/api/verify_email_otp.go:65.3,65.44 1 0
github.com/ivpn/dns/api/api/webauthn.go:45.55,46.38 1 1
github.com/ivpn/dns/api/api/webauthn.go:46.38,48.44 2 0
github.com/ivpn/dns/api/api/webauthn.go:48.44,50.4 1 0
github.com/ivpn/dns/api/api/webauthn.go:52.3,53.20 2 0
github.com/ivpn/dns/api/api/webauthn.go:53.20,55.29 2 0
github.com/ivpn/dns/api/api/webauthn.go:55.29,57.5 1 0
github.com/ivpn/dns/api/api/webauthn.go:58.4,58.76 1 0
github.com/ivpn/dns/api/api/webauthn.go:61.3,62.17 2 0
github.com/ivpn/dns/api/api/webauthn.go:62.17,64.4 1 0
github.com/ivpn/dns/api/api/webauthn.go:66.3,67.17 2 0
github.com/ivpn/dns/api/api/webauthn.go:67.17,69.4 1 0
github.com/ivpn/dns/api/api/webauthn.go:72.3,82.37 2 0
github.com/ivpn/dns/api/api/webauthn.go:85.2,85.16 1 1
github.com/ivpn/dns/api/api/webauthn.go:96.56,97.38 1 1
github.com/ivpn/dns/api/api/webauthn.go:97.38,106.17 4 0
github.com/ivpn/dns/api/api/webauthn.go:106.17,110.4 1 0
github.com/ivpn/dns/api/api/webauthn.go:112.3,112.82 1 0
github.com/ivpn/dns/api/api/webauthn.go:112.82,114.4 1 0
github.com/ivpn/dns/api/api/webauthn.go:116.3,116.27 1 0
github.com/ivpn/dns/api/api/webauthn.go:119.2,119.16 1 1
github.com/ivpn/dns/api/api/webauthn.go:131.48,132.38 1 1
github.com/ivpn/dns/api/api/webauthn.go:132.38,134.44 2 0
github.com/ivpn/dns/api/api/webauthn.go:134.44,136.4 1 0
github.com/ivpn/dns/api/api/webauthn.go:138.3,139.20 2 0
github.com/ivpn/dns/api/api/webauthn.go:139.20,141.29 2 0
github.com/ivpn/dns/api/api/webauthn.go:141.29,143.5 1 0
github.com/ivpn/dns/api/api/webauthn.go:144.4,144.76 1 0
github.com/ivpn/dns/api/api/webauthn.go:147.3,148.17 2 0
github.com/ivpn/dns/api/api/webauthn.go:148.17,150.4 1 0
github.com/ivpn/dns/api/api/webauthn.go:153.3,163.37 2 0
github.com/ivpn/dns/api/api/webauthn.go:165.2,165.16 1 1
github.com/ivpn/dns/api/api/webauthn.go:178.49,179.38 1 1
github.com/ivpn/dns/api/api/webauthn.go:179.38,181.21 2 0
github.com/ivpn/dns/api/api/webauthn.go:181.21,183.4 1 0
github.com/ivpn/dns/api/api/webauthn.go:186.3,190.17 3 0
github.com/ivpn/dns/api/api/webauthn.go:190.17,194.4 1 0
github.com/ivpn/dns/api/api/webauthn.go:196.3,197.17 2 0
github.com/ivpn/dns/api/api/webauthn.go:197.17,199.4 1 0
github.com/ivpn/dns/api/api/webauthn.go:200.3,200.20 1 0
github.com/ivpn/dns/api/api/webauthn.go:200.20,202.4 1 0
github.com/ivpn/dns/api/api/webauthn.go:205.3,205.38 1 0
github.com/ivpn/dns/api/api/webauthn.go:205.38,207.113 1 0
github.com/ivpn/dns/api/api/webauthn.go:207.113,209.5 1 0
github.com/ivpn/dns/api/api/webauthn.go:210.9,213.18 2 0
github.com/ivpn/dns/api/api/webauthn.go:213.18,215.5 1 0
github.com/ivpn/dns/api/api/webauthn.go:216.4,216.42 1 0
github.com/ivpn/dns/api/api/webauthn.go:216.42,218.71 1 0
github.com/ivpn/dns/api/api/webauthn.go:218.71,220.6 1 0
github.com/ivpn/dns/api/api/webauthn.go:221.5,221.84 1 0
github.com/ivpn/dns/api/api/webauthn.go:225.3,237.27 3 0
github.com/ivpn/dns/api/api/webauthn.go:239.2,239.16 1 1
github.com/ivpn/dns/api/api/webauthn.go:250.53,251.38 1 1
github.com/ivpn/dns/api/api/webauthn.go:251.38,253.22 2 0
github.com/ivpn/dns/api/api/webauthn.go:253.22,255.4 1 0
github.com/ivpn/dns/api/api/webauthn.go:258.3,259.17 2 0
github.com/ivpn/dns/api/api/webauthn.go:259.17,261.4 1 0
github.com/ivpn/dns/api/api/webauthn.go:264.3,265.17 2 0
github.com/ivpn/dns/api/api/webauthn.go:265.17,267.4 1 0
github.com/ivpn/dns/api/api/webauthn.go:270.3,280.37 2 0
github.com/ivpn/dns/api/api/webauthn.go:282.2,282.16 1 1
github.com/ivpn/dns/api/api/webauthn.go:295.49,296.38 1 1
github.com/ivpn/dns/api/api/webauthn.go:296.38,298.22 2 1
github.com/ivpn/dns/api/api/webauthn.go:298.22,300.4 1 0
github.com/ivpn/dns/api/api/webauthn.go:302.3,303.44 2 1
github.com/ivpn/dns/api/api/webauthn.go:303.44,305.4 1 0
github.com/ivpn/dns/api/api/webauthn.go:306.3,307.20 2 1
github.com/ivpn/dns/api/api/webauthn.go:307.20,309.29 2 1
github.com/ivpn/dns/api/api/webauthn.go:309.29,311.5 1 1
github.com/ivpn/dns/api/api/webauthn.go:312.4,312.76 1 1
github.com/ivpn/dns/api/api/webauthn.go:315.3,316.17 2 1
github.com/ivpn/dns/api/api/webauthn.go:316.17,318.4 1 0
github.com/ivpn/dns/api/api/webauthn.go:320.3,322.37 2 1
github.com/ivpn/dns/api/api/webauthn.go:324.2,324.16 1 1
github.com/ivpn/dns/api/api/webauthn.go:335.50,336.38 1 1
github.com/ivpn/dns/api/api/webauthn.go:336.38,338.22 2 1
github.com/ivpn/dns/api/api/webauthn.go:338.22,340.4 1 0
github.com/ivpn/dns/api/api/webauthn.go:341.3,342.21 2 1
github.com/ivpn/dns/api/api/webauthn.go:342.21,344.4 1 1
github.com/ivpn/dns/api/api/webauthn.go:345.3,348.17 3 1
github.com/ivpn/dns/api/api/webauthn.go:348.17,350.4 1 0
github.com/ivpn/dns/api/api/webauthn.go:352.3,354.17 2 1
github.com/ivpn/dns/api/api/webauthn.go:354.17,356.4 1 1
github.com/ivpn/dns/api/api/webauthn.go:358.3,363.4 1 0
github.com/ivpn/dns/api/api/webauthn.go:365.2,365.16 1 1
github.com/ivpn/dns/api/api/webauthn.go:376.54,377.38 1 1
github.com/ivpn/dns/api/api/webauthn.go:377.38,379.22 2 0
github.com/ivpn/dns/api/api/webauthn.go:379.22,381.4 1 0
github.com/ivpn/dns/api/api/webauthn.go:383.3,384.21 2 0
github.com/ivpn/dns/api/api/webauthn.go:384.21,386.4 1 0
github.com/ivpn/dns/api/api/webauthn.go:389.3,393.17 3 0
github.com/ivpn/dns/api/api/webauthn.go:393.17,397.4 1 0
github.com/ivpn/dns/api/api/webauthn.go:399.3,400.17 2 0
github.com/ivpn/dns/api/api/webauthn.go:400.17,402.4 1 0
github.com/ivpn/dns/api/api/webauthn.go:404.3,404.27 1 0
github.com/ivpn/dns/api/api/webauthn.go:406.2,406.16 1 1
github.com/ivpn/dns/api/api/webauthn.go:416.49,417.38 1 1
github.com/ivpn/dns/api/api/webauthn.go:417.38,419.22 2 0
github.com/ivpn/dns/api/api/webauthn.go:419.22,421.4 1 0
github.com/ivpn/dns/api/api/webauthn.go:424.3,425.17 2 0
github.com/ivpn/dns/api/api/webauthn.go:425.17,427.4 1 0
github.com/ivpn/dns/api/api/webauthn.go:430.3,431.17 2 0
github.com/ivpn/dns/api/api/webauthn.go:431.17,433.4 1 0
github.com/ivpn/dns/api/api/webauthn.go:435.3,435.38 1 0
github.com/ivpn/dns/api/api/webauthn.go:437.2,437.16 1 1
github.com/ivpn/dns/api/api/webauthn.go:447.51,448.38 1 1
github.com/ivpn/dns/api/api/webauthn.go:448.38,450.22 2 0
github.com/ivpn/dns/api/api/webauthn.go:450.22,452.4 1 0
github.com/ivpn/dns/api/api/webauthn.go:454.3,455.25 2 0
github.com/ivpn/dns/api/api/webauthn.go:455.25,457.4 1 0
github.com/ivpn/dns/api/api/webauthn.go:460.3,461.17 2 0
github.com/ivpn/dns/api/api/webauthn.go:461.17,463.4 1 0
github.com/ivpn/dns/api/api/webauthn.go:465.3,466.17 2 0
github.com/ivpn/dns/api/api/webauthn.go:466.17,468.4 1 0
github.com/ivpn/dns/api/api/webauthn.go:471.3,472.17 2 0
github.com/ivpn/dns/api/api/webauthn.go:472.17,474.4 1 0
github.com/ivpn/dns/api/api/webauthn.go:476.3,476.27 1 0
github.com/ivpn/dns/api/api/webauthn.go:478.2,478.16 1 1
github.com/ivpn/dns/api/internal/email/sendgrid/sendgrid.go:28.11,29.25 1 1
github.com/ivpn/dns/api/internal/email/sendgrid/sendgrid.go:29.25,29.46 1 1
github.com/ivpn/dns/api/internal/email/sendgrid/sendgrid.go:46.61,53.25 2 1
github.com/ivpn/dns/api/internal/email/sendgrid/sendgrid.go:53.25,55.3 1 1
github.com/ivpn/dns/api/internal/email/sendgrid/sendgrid.go:56.2,56.10 1 1
github.com/ivpn/dns/api/internal/email/sendgrid/sendgrid.go:60.80,63.2 2 1
github.com/ivpn/dns/api/internal/email/sendgrid/sendgrid.go:66.90,69.2 2 0
github.com/ivpn/dns/api/internal/email/sendgrid/sendgrid.go:72.103,75.2 2 1
github.com/ivpn/dns/api/internal/email/sendgrid/sendgrid.go:78.45,79.17 1 1
github.com/ivpn/dns/api/internal/email/sendgrid/sendgrid.go:79.17,81.3 1 1
github.com/ivpn/dns/api/internal/email/sendgrid/sendgrid.go:82.2,82.38 1 1
github.com/ivpn/dns/api/internal/email/sendgrid/sendgrid.go:82.38,84.3 1 1
github.com/ivpn/dns/api/internal/email/sendgrid/sendgrid.go:85.2,85.12 1 1
github.com/ivpn/dns/api/internal/email/sendgrid/sendgrid.go:89.107,95.16 6 1
github.com/ivpn/dns/api/internal/email/sendgrid/sendgrid.go:95.16,97.3 1 0
github.com/ivpn/dns/api/internal/email/sendgrid/sendgrid.go:98.2,98.27 1 1
github.com/ivpn/dns/api/internal/email/sendgrid/sendgrid.go:98.27,101.3 2 1
github.com/ivpn/dns/api/internal/email/sendgrid/sendgrid.go:102.2,103.12 2 1
github.com/ivpn/dns/api/db/mongodb/account.go:23.98,31.2 2 1
github.com/ivpn/dns/api/db/mongodb/account.go:34.139,36.16 2 1
github.com/ivpn/dns/api/db/mongodb/account.go:36.16,38.3 1 0
github.com/ivpn/dns/api/db/mongodb/account.go:40.2,41.16 2 1
github.com/ivpn/dns/api/db/mongodb/account.go:41.16,43.3 1 0
github.com/ivpn/dns/api/db/mongodb/account.go:44.2,45.17 2 1
github.com/ivpn/dns/api/db/mongodb/account.go:49.112,51.16 2 1
github.com/ivpn/dns/api/db/mongodb/account.go:51.16,53.3 1 0
github.com/ivpn/dns/api/db/mongodb/account.go:54.2,56.16 3 1
github.com/ivpn/dns/api/db/mongodb/account.go:56.16,58.3 1 0
github.com/ivpn/dns/api/db/mongodb/account.go:60.2,63.16 3 1
github.com/ivpn/dns/api/db/mongodb/account.go:63.16,65.3 1 0
github.com/ivpn/dns/api/db/mongodb/account.go:66.2,67.21 2 1
github.com/ivpn/dns/api/db/mongodb/account.go:70.107,72.16 2 1
github.com/ivpn/dns/api/db/mongodb/account.go:72.16,74.3 1 0
github.com/ivpn/dns/api/db/mongodb/account.go:76.2,79.87 3 1
github.com/ivpn/dns/api/db/mongodb/account.go:79.87,80.34 1 0
github.com/ivpn/dns/api/db/mongodb/account.go:80.34,82.4 1 0
github.com/ivpn/dns/api/db/mongodb/account.go:83.3,83.18 1 0
github.com/ivpn/dns/api/db/mongodb/account.go:86.2,86.22 1 1
github.com/ivpn/dns/api/db/mongodb/account.go:91.106,96.87 3 1
github.com/ivpn/dns/api/db/mongodb/account.go:96.87,97.34 1 0
github.com/ivpn/dns/api/db/mongodb/account.go:97.34,99.4 1 0
github.com/ivpn/dns/api/db/mongodb/account.go:100.3,100.18 1 0
github.com/ivpn/dns/api/db/mongodb/account.go:103.2,103.22 1 1
github.com/ivpn/dns/api/db/mongodb/account.go:107.117,114.87 3 1
github.com/ivpn/dns/api/db/mongodb/account.go:114.87,115.34 1 0
github.com/ivpn/dns/api/db/mongodb/account.go:115.34,117.4 1 0
github.com/ivpn/dns/api/db/mongodb/account.go:118.3,118.18 1 0
github.com/ivpn/dns/api/db/mongodb/account.go:121.2,121.22 1 1
github.com/ivpn/dns/api/db/mongodb/account.go:125.92,127.16 2 0
github.com/ivpn/dns/api/db/mongodb/account.go:127.16,129.3 1 0
github.com/ivpn/dns/api/db/mongodb/account.go:131.2,134.16 3 0
github.com/ivpn/dns/api/db/mongodb/account.go:134.16,136.3 1 0
github.com/ivpn/dns/api/db/mongodb/account.go:137.2,138.12 2 0
github.com/ivpn/dns/api/db/mongodb/account.go:143.127,145.16 2 1
github.com/ivpn/dns/api/db/mongodb/account.go:145.16,147.3 1 0
github.com/ivpn/dns/api/db/mongodb/account.go:149.2,158.16 4 1
github.com/ivpn/dns/api/db/mongodb/account.go:158.16,160.3 1 0
github.com/ivpn/dns/api/db/mongodb/account.go:161.2,162.12 2 1
github.com/ivpn/dns/api/db/mongodb/account.go:166.103,168.2 1 0
github.com/ivpn/dns/api/db/mongodb/account.go:171.112,173.16 2 1
github.com/ivpn/dns/api/db/mongodb/account.go:173.16,175.3 1 0
github.com/ivpn/dns/api/db/mongodb/account.go:177.2,183.16 4 1
github.com/ivpn/dns/api/db/mongodb/account.go:183.16,185.3 1 0
github.com/ivpn/dns/api/db/mongodb/account.go:186.2,187.12 2 1
github.com/ivpn/dns/api/db/mongodb/account.go:191.117,193.16 2 1
github.com/ivpn/dns/api/db/mongodb/account.go:193.16,195.3 1 0
github.com/ivpn/dns/api/db/mongodb/account.go:197.2,203.16 4 1
github.com/ivpn/dns/api/db/mongodb/account.go:203.16,205.3 1 0
github.com/ivpn/dns/api/db/mongodb/account.go:206.2,207.12 2 1
github.com/ivpn/dns/api/db/mongodb/blocklist.go:22.102,30.2 2 0
github.com/ivpn/dns/api/db/mongodb/blocklist.go:33.122,36.12 3 0
github.com/ivpn/dns/api/db/mongodb/blocklist.go:36.12,38.17 2 0
github.com/ivpn/dns/api/db/mongodb/blocklist.go:38.17,40.4 1 0
github.com/ivpn/dns/api/db/mongodb/blocklist.go:41.3,41.69 1 0
github.com/ivpn/dns/api/db/mongodb/blocklist.go:44.2,45.12 2 0
github.com/ivpn/dns/api/db/mongodb/blocklist.go:45.12,47.3 1 0
github.com/ivpn/dns/api/db/mongodb/blocklist.go:49.2,53.16 4 0
github.com/ivpn/dns/api/db/mongodb/blocklist.go:53.16,55.3 1 0
github.com/ivpn/dns/api/db/mongodb/blocklist.go:57.2,58.52 2 0
github.com/ivpn/dns/api/db/mongodb/blocklist.go:58.52,60.3 1 0
github.com/ivpn/dns/api/db/mongodb/blocklist.go:62.2,62.24 1 0
github.com/ivpn/dns/api/db/mongodb/blocklist.go:65.51,66.16 1 1
github.com/ivpn/dns/api/db/mongodb/blocklist.go:67.14,68.76 1 1
github.com/ivpn/dns/api/db/mongodb/blocklist.go:69.17,70.80 1 1
github.com/ivpn/dns/api/db/mongodb/blocklist.go:71.10,72.51 1 1
github.com/ivpn/dns/api/db/mongodb/credentials.go:28.104,35.2 1 0
github.com/ivpn/dns/api/db/mongodb/credentials.go:38.136,42.16 3 0
github.com/ivpn/dns/api/db/mongodb/credentials.go:42.16,44.3 1 0
github.com/ivpn/dns/api/db/mongodb/credentials.go:46.2,46.12 1 0
github.com/ivpn/dns/api/db/mongodb/credentials.go:50.138,65.16 4 0
github.com/ivpn/dns/api/db/mongodb/credentials.go:65.16,67.3 1 0
github.com/ivpn/dns/api/db/mongodb/credentials.go:69.2,69.12 1 0
github.com/ivpn/dns/api/db/mongodb/credentials.go:73.126,76.16 3 0
github.com/ivpn/dns/api/db/mongodb/credentials.go:76.16,78.3 1 0
github.com/ivpn/dns/api/db/mongodb/credentials.go:79.2,82.54 3 0
github.com/ivpn/dns/api/db/mongodb/credentials.go:82.54,84.3 1 0
github.com/ivpn/dns/api/db/mongodb/credentials.go:86.2,86.25 1 0
github.com/ivpn/dns/api/db/mongodb/credentials.go:90.116,93.16 3 0
github.com/ivpn/dns/api/db/mongodb/credentials.go:93.16,95.3 1 0
github.com/ivpn/dns/api/db/mongodb/credentials.go:97.2,97.24 1 0
github.com/ivpn/dns/api/db/mongodb/credentials.go:101.131,106.16 4 0
github.com/ivpn/dns/api/db/mongodb/credentials.go:106.16,107.34 1 0
github.com/ivpn/dns/api/db/mongodb/credentials.go:107.34,109.4 1 0
github.com/ivpn/dns/api/db/mongodb/credentials.go:110.3,110.63 1 0
github.com/ivpn/dns/api/db/mongodb/credentials.go:113.2,113.25 1 0
github.com/ivpn/dns/api/db/mongodb/credentials.go:117.127,124.16 3 0
github.com/ivpn/dns/api/db/mongodb/credentials.go:124.16,126.3 1 0
github.com/ivpn/dns/api/db/mongodb/credentials.go:128.2,128.12 1 0
github.com/ivpn/dns/api/db/mongodb/credentials.go:132.143,139.16 3 0
github.com/ivpn/dns/api/db/mongodb/credentials.go:139.16,141.3 1 0
github.com/ivpn/dns/api/db/mongodb/credentials.go:143.2,143.12 1 0
github.com/ivpn/dns/api/db/mongodb/mongodb.go:34.92,38.16 3 0
github.com/ivpn/dns/api/db/mongodb/mongodb.go:38.16,40.3 1 0
github.com/ivpn/dns/api/db/mongodb/mongodb.go:42.2,52.8 1 0
github.com/ivpn/dns/api/db/mongodb/profile.go:22.98,30.2 2 0
github.com/ivpn/dns/api/db/mongodb/profile.go:33.94,35.16 2 0
github.com/ivpn/dns/api/db/mongodb/profile.go:35.16,37.3 1 0
github.com/ivpn/dns/api/db/mongodb/profile.go:38.2,39.12 2 0
github.com/ivpn/dns/api/db/mongodb/profile.go:42.107,46.87 3 0
github.com/ivpn/dns/api/db/mongodb/profile.go:46.87,47.34 1 0
github.com/ivpn/dns/api/db/mongodb/profile.go:47.34,49.4 1 0
github.com/ivpn/dns/api/db/mongodb/profile.go:50.3,50.18 1 0
github.com/ivpn/dns/api/db/mongodb/profile.go:52.2,52.22 1 0
github.com/ivpn/dns/api/db/mongodb/profile.go:55.116,58.16 3 0
github.com/ivpn/dns/api/db/mongodb/profile.go:58.16,60.3 1 0
github.com/ivpn/dns/api/db/mongodb/profile.go:61.2,64.51 3 0
github.com/ivpn/dns/api/db/mongodb/profile.go:64.51,66.3 1 0
github.com/ivpn/dns/api/db/mongodb/profile.go:67.2,67.22 1 0
github.com/ivpn/dns/api/db/mongodb/profile.go:70.92,73.16 3 0
github.com/ivpn/dns/api/db/mongodb/profile.go:73.16,75.3 1 0
github.com/ivpn/dns/api/db/mongodb/profile.go:76.2,77.12 2 0
github.com/ivpn/dns/api/db/mongodb/profile.go:80.105,83.16 3 0
github.com/ivpn/dns/api/db/mongodb/profile.go:83.16,85.3 1 0
github.com/ivpn/dns/api/db/mongodb/profile.go:86.2,88.12 2 0
github.com/ivpn/dns/api/db/mongodb/profile.go:91.122,96.16 4 0
github.com/ivpn/dns/api/db/mongodb/profile.go:96.16,98.3 1 0
github.com/ivpn/dns/api/db/mongodb/profile.go:99.2,101.12 2 0
github.com/ivpn/dns/api/db/mongodb/profile.go:105.110,107.29 2 0
github.com/ivpn/dns/api/db/mongodb/profile.go:107.29,109.17 2 0
github.com/ivpn/dns/api/db/mongodb/profile.go:109.17,111.4 1 0
github.com/ivpn/dns/api/db/mongodb/profile.go:112.3,112.42 1 0
github.com/ivpn/dns/api/db/mongodb/profile.go:114.2,124.16 4 0
github.com/ivpn/dns/api/db/mongodb/profile.go:124.16,126.3 1 0
github.com/ivpn/dns/api/db/mongodb/profile.go:127.2,129.12 2 0
github.com/ivpn/dns/api/db/mongodb/profile.go:133.119,144.16 4 0
github.com/ivpn/dns/api/db/mongodb/profile.go:144.16,146.3 1 0
github.com/ivpn/dns/api/db/mongodb/profile.go:147.2,150.12 2 0
github.com/ivpn/dns/api/db/mongodb/profile.go:154.114,165.16 4 0
github.com/ivpn/dns/api/db/mongodb/profile.go:165.16,167.3 1 0
github.com/ivpn/dns/api/db/mongodb/profile.go:168.2,171.12 2 0
github.com/ivpn/dns/api/db/mongodb/profile.go:175.115,186.16 4 0
github.com/ivpn/dns/api/db/mongodb/profile.go:186.16,188.3 1 0
github.com/ivpn/dns/api/db/mongodb/profile.go:189.2,192.12 2 0
github.com/ivpn/dns/api/db/mongodb/profile.go:196.110,207.16 4 0
github.com/ivpn/dns/api/db/mongodb/profile.go:207.16,209.3 1 0
github.com/ivpn/dns/api/db/mongodb/profile.go:210.2,211.12 2 0
github.com/ivpn/dns/api/db/mongodb/profile.go:215.111,226.16 4 0
github.com/ivpn/dns/api/db/mongodb/profile.go:226.16,228.3 1 0
github.com/ivpn/dns/api/db/mongodb/profile.go:229.2,230.12 2 0
github.com/ivpn/dns/api/db/mongodb/query_logs.go:40.102,61.2 8 0
github.com/ivpn/dns/api/db/mongodb/query_logs.go:66.218,73.19 4 0
github.com/ivpn/dns/api/db/mongodb/query_logs.go:73.19,80.3 1 0
github.com/ivpn/dns/api/db/mongodb/query_logs.go:81.2,81.21 1 0
github.com/ivpn/dns/api/db/mongodb/query_logs.go:81.21,86.3 1 0
github.com/ivpn/dns/api/db/mongodb/query_logs.go:87.2,87.20 1 0
github.com/ivpn/dns/api/db/mongodb/query_logs.go:87.20,92.3 1 0
github.com/ivpn/dns/api/db/mongodb/query_logs.go:93.2,93.18 1 0
github.com/ivpn/dns/api/db/mongodb/query_logs.go:93.18,103.3 2 0
github.com/ivpn/dns/api/db/mongodb/query_logs.go:105.2,115.18 5 0
github.com/ivpn/dns/api/db/mongodb/query_logs.go:115.18,116.16 1 0
github.com/ivpn/dns/api/db/mongodb/query_logs.go:116.16,118.4 1 0
github.com/ivpn/dns/api/db/mongodb/query_logs.go:119.3,121.53 3 0
github.com/ivpn/dns/api/db/mongodb/query_logs.go:124.2,125.16 2 0
github.com/ivpn/dns/api/db/mongodb/query_logs.go:125.16,126.34 1 0
github.com/ivpn/dns/api/db/mongodb/query_logs.go:126.34,128.4 1 0
github.com/ivpn/dns/api/db/mongodb/query_logs.go:129.3,129.18 1 0
github.com/ivpn/dns/api/db/mongodb/query_logs.go:132.2,133.49 2 0
github.com/ivpn/dns/api/db/mongodb/query_logs.go:133.49,135.3 1 0
github.com/ivpn/dns/api/db/mongodb/query_logs.go:136.2,137.35 2 0
github.com/ivpn/dns/api/db/mongodb/query_logs.go:137.35,149.3 1 0
github.com/ivpn/dns/api/db/mongodb/query_logs.go:151.2,151.21 1 0
github.com/ivpn/dns/api/db/mongodb/query_logs.go:154.42,155.16 1 0
github.com/ivpn/dns/api/db/mongodb/query_logs.go:156.16,160.4 1 0
github.com/ivpn/dns/api/db/mongodb/query_logs.go:161.19,165.4 1 0
github.com/ivpn/dns/api/db/mongodb/query_logs.go:166.10,167.47 1 0
github.com/ivpn/dns/api/db/mongodb/query_logs.go:172.92,174.54 1 0
github.com/ivpn/dns/api/db/mongodb/query_logs.go:174.54,179.17 3 0
github.com/ivpn/dns/api/db/mongodb/query_logs.go:179.17,181.4 1 0
github.com/ivpn/dns/api/db/mongodb/query_logs.go:184.2,184.12 1 0
github.com/ivpn/dns/api/db/mongodb/query_logs.go:187.90,188.19 1 0
github.com/ivpn/dns/api/db/mongodb/query_logs.go:189.30,190.32 1 0
github.com/ivpn/dns/api/db/mongodb/query_logs.go:191.31,192.33 1 0
github.com/ivpn/dns/api/db/mongodb/query_logs.go:193.29,194.31 1 0
github.com/ivpn/dns/api/db/mongodb/query_logs.go:195.30,196.32 1 0
github.com/ivpn/dns/api/db/mongodb/query_logs.go:197.31,198.33 1 0
github.com/ivpn/dns/api/db/mongodb/query_logs.go:199.10,200.32 1 0
github.com/ivpn/dns/api/db/mongodb/session.go:30.161,39.16 4 0
github.com/ivpn/dns/api/db/mongodb/session.go:39.16,41.3 1 0
github.com/ivpn/dns/api/db/mongodb/session.go:44.2,46.49 3 0
github.com/ivpn/dns/api/db/mongodb/session.go:46.49,48.3 1 0
github.com/ivpn/dns/api/db/mongodb/session.go:50.2,50.32 1 0
github.com/ivpn/dns/api/db/mongodb/session.go:50.32,51.78 1 0
github.com/ivpn/dns/api/db/mongodb/session.go:51.78,53.11 2 0
github.com/ivpn/dns/api/db/mongodb/session.go:53.11,55.13 2 0
github.com/ivpn/dns/api/db/mongodb/session.go:58.4,58.57 1 0
github.com/ivpn/dns/api/db/mongodb/session.go:58.57,62.19 4 0
github.com/ivpn/dns/api/db/mongodb/session.go:62.19,64.6 1 0
github.com/ivpn/dns/api/db/mongodb/session.go:65.5,65.10 1 0
github.com/ivpn/dns/api/db/mongodb/session.go:66.10,69.5 2 0
github.com/ivpn/dns/api/db/mongodb/session.go:73.2,73.16 1 0
github.com/ivpn/dns/api/db/mongodb/session.go:73.16,75.3 1 0
github.com/ivpn/dns/api/db/mongodb/session.go:75.8,77.3 1 0
github.com/ivpn/dns/api/db/mongodb/session.go:80.2,89.16 2 0
github.com/ivpn/dns/api/db/mongodb/session.go:89.16,91.3 1 0
github.com/ivpn/dns/api/db/mongodb/session.go:93.2,93.18 1 0
github.com/ivpn/dns/api/db/mongodb/session.go:97.104,104.16 3 0
github.com/ivpn/dns/api/db/mongodb/session.go:104.16,105.34 1 0
github.com/ivpn/dns/api/db/mongodb/session.go:105.34,107.4 1 0
github.com/ivpn/dns/api/db/mongodb/session.go:108.3,109.75 2 0
github.com/ivpn/dns/api/db/mongodb/session.go:112.2,113.16 2 0
github.com/ivpn/dns/api/db/mongodb/session.go:113.16,116.3 2 0
github.com/ivpn/dns/api/db/mongodb/session.go:118.2,118.27 1 0
github.com/ivpn/dns/api/db/mongodb/session.go:122.146,125.16 2 0
github.com/ivpn/dns/api/db/mongodb/session.go:125.16,128.3 2 0
github.com/ivpn/dns/api/db/mongodb/session.go:130.2,144.16 6 0
github.com/ivpn/dns/api/db/mongodb/session.go:144.16,147.3 2 0
github.com/ivpn/dns/api/db/mongodb/session.go:149.2,149.12 1 0
github.com/ivpn/dns/api/db/mongodb/session.go:153.84,155.16 2 0
github.com/ivpn/dns/api/db/mongodb/session.go:155.16,158.3 2 0
github.com/ivpn/dns/api/db/mongodb/session.go:159.2,159.12 1 0
github.com/ivpn/dns/api/db/mongodb/session.go:163.96,165.16 2 0
github.com/ivpn/dns/api/db/mongodb/session.go:165.16,168.3 2 0
github.com/ivpn/dns/api/db/mongodb/session.go:169.2,169.12 1 0
github.com/ivpn/dns/api/db/mongodb/session.go:173.123,179.16 3 0
github.com/ivpn/dns/api/db/mongodb/session.go:179.16,181.3 1 0
github.com/ivpn/dns/api/db/mongodb/session.go:182.2,182.12 1 0
github.com/ivpn/dns/api/db/mongodb/session.go:186.104,188.16 2 0
github.com/ivpn/dns/api/db/mongodb/session.go:188.16,191.3 2 0
github.com/ivpn/dns/api/db/mongodb/session.go:192.2,192.19 1 0
github.com/ivpn/dns/api/db/mongodb/statistics.go:22.104,30.2 3 0
github.com/ivpn/dns/api/db/mongodb/statistics.go:33.144,38.19 2 0
github.com/ivpn/dns/api/db/mongodb/statistics.go:38.19,46.3 1 0
github.com/ivpn/dns/api/db/mongodb/statistics.go:48.2,67.16 6 0
github.com/ivpn/dns/api/db/mongodb/statistics.go:67.16,68.34 1 0
github.com/ivpn/dns/api/db/mongodb/statistics.go:68.34,70.4 1 0
github.com/ivpn/dns/api/db/mongodb/statistics.go:71.3,71.18 1 0
github.com/ivpn/dns/api/db/mongodb/statistics.go:74.2,75.49 2 0
github.com/ivpn/dns/api/db/mongodb/statistics.go:75.49,77.3 1 0
github.com/ivpn/dns/api/db/mongodb/statistics.go:78.2,78.23 1 0
github.com/ivpn/dns/api/db/mongodb/statistics.go:78.23,80.3 1 0
github.com/ivpn/dns/api/db/mongodb/statistics.go:82.2,82.21 1 0
github.com/ivpn/dns/api/db/mongodb/subscription.go:23.108,31.2 2 0
github.com/ivpn/dns/api/db/mongodb/subscription.go:33.129,36.16 2 0
github.com/ivpn/dns/api/db/mongodb/subscription.go:36.16,39.3 1 0
github.com/ivpn/dns/api/db/mongodb/subscription.go:40.2,42.93 3 0
github.com/ivpn/dns/api/db/mongodb/subscription.go:42.93,43.34 1 0
github.com/ivpn/dns/api/db/mongodb/subscription.go:43.34,45.4 1 0
github.com/ivpn/dns/api/db/mongodb/subscription.go:46.3,46.18 1 0
github.com/ivpn/dns/api/db/mongodb/subscription.go:48.2,48.27 1 0
github.com/ivpn/dns/api/db/mongodb/subscription.go:52.127,56.93 3 0
github.com/ivpn/dns/api/db/mongodb/subscription.go:56.93,57.34 1 0
github.com/ivpn/dns/api/db/mongodb/subscription.go:57.34,59.4 1 0
github.com/ivpn/dns/api/db/mongodb/subscription.go:60.3,60.18 1 0
github.com/ivpn/dns/api/db/mongodb/subscription.go:62.2,62.27 1 0
github.com/ivpn/dns/api/db/mongodb/subscription.go:66.101,71.16 5 0
github.com/ivpn/dns/api/db/mongodb/subscription.go:71.16,73.3 1 0
github.com/ivpn/dns/api/db/mongodb/subscription.go:74.2,75.12 2 0
github.com/ivpn/dns/api/db/mongodb/subscription.go:79.92,81.16 2 0
github.com/ivpn/dns/api/db/mongodb/subscription.go:81.16,82.37 1 0
github.com/ivpn/dns/api/db/mongodb/subscription.go:82.37,84.4 1 0
github.com/ivpn/dns/api/db/mongodb/subscription.go:85.3,85.13 1 0
github.com/ivpn/dns/api/db/mongodb/subscription.go:87.2,87.12 1 0
github.com/ivpn/dns/api/internal/validator/validator.go:53.47,60.16 4 1
github.com/ivpn/dns/api/internal/validator/validator.go:60.16,62.3 1 0
github.com/ivpn/dns/api/internal/validator/validator.go:63.2,64.16 2 1
github.com/ivpn/dns/api/internal/validator/validator.go:64.16,66.3 1 0
github.com/ivpn/dns/api/internal/validator/validator.go:67.2,68.16 2 1
github.com/ivpn/dns/api/internal/validator/validator.go:68.16,70.3 1 0
github.com/ivpn/dns/api/internal/validator/validator.go:71.2,72.16 2 1
github.com/ivpn/dns/api/internal/validator/validator.go:72.16,74.3 1 0
github.com/ivpn/dns/api/internal/validator/validator.go:75.2,75.45 1 1
github.com/ivpn/dns/api/internal/validator/validator.go:75.45,77.17 2 1
github.com/ivpn/dns/api/internal/validator/validator.go:77.17,80.4 2 0
github.com/ivpn/dns/api/internal/validator/validator.go:81.3,81.47 1 1
github.com/ivpn/dns/api/internal/validator/validator.go:83.2,83.26 1 1
github.com/ivpn/dns/api/internal/validator/validator.go:86.58,90.17 3 0
github.com/ivpn/dns/api/internal/validator/validator.go:90.17,91.57 1 0
github.com/ivpn/dns/api/internal/validator/validator.go:91.57,100.4 6 0
github.com/ivpn/dns/api/internal/validator/validator.go:103.2,103.25 1 0
github.com/ivpn/dns/api/internal/validator/validator.go:107.90,109.65 2 0
github.com/ivpn/dns/api/internal/validator/validator.go:109.65,111.28 1 0
github.com/ivpn/dns/api/internal/validator/validator.go:111.28,119.4 3 0
github.com/ivpn/dns/api/internal/validator/validator.go:121.3,121.17 1 0
github.com/ivpn/dns/api/internal/validator/validator.go:123.2,123.16 1 0
github.com/ivpn/dns/api/internal/validator/validator.go:127.72,131.68 2 1
github.com/ivpn/dns/api/internal/validator/validator.go:131.68,133.3 1 0
github.com/ivpn/dns/api/internal/validator/validator.go:136.2,136.35 1 1
github.com/ivpn/dns/api/internal/validator/validator.go:136.35,138.3 1 1
github.com/ivpn/dns/api/internal/validator/validator.go:141.2,141.39 1 1
github.com/ivpn/dns/api/internal/validator/validator.go:141.39,143.14 2 1
github.com/ivpn/dns/api/internal/validator/validator.go:143.14,145.4 1 1
github.com/ivpn/dns/api/internal/validator/validator.go:148.2,148.14 1 1
github.com/ivpn/dns/api/internal/validator/validator.go:151.50,153.17 2 0
github.com/ivpn/dns/api/internal/validator/validator.go:153.17,155.3 1 0
github.com/ivpn/dns/api/internal/validator/validator.go:157.2,158.36 2 0
github.com/ivpn/dns/api/internal/validator/validator.go:158.36,159.21 1 0
github.com/ivpn/dns/api/internal/validator/validator.go:159.21,161.4 1 0
github.com/ivpn/dns/api/internal/validator/validator.go:162.3,162.39 1 0
github.com/ivpn/dns/api/internal/validator/validator.go:165.2,165.17 1 0
github.com/ivpn/dns/api/internal/validator/validator.go:165.17,167.3 1 0
github.com/ivpn/dns/api/internal/validator/validator.go:169.2,170.16 2 0
github.com/ivpn/dns/api/internal/validator/validator.go:170.16,172.3 1 0
github.com/ivpn/dns/api/internal/validator/validator.go:173.2,173.19 1 0
github.com/ivpn/dns/api/internal/validator/validator.go:177.55,179.2 1 0
github.com/ivpn/dns/api/internal/validator/validator.go:181.45,182.46 1 0
github.com/ivpn/dns/api/internal/validator/validator.go:182.46,184.3 1 0
github.com/ivpn/dns/api/internal/validator/validator.go:186.2,186.40 1 0
github.com/ivpn/dns/api/internal/validator/validator.go:186.40,188.3 1 0
github.com/ivpn/dns/api/internal/validator/validator.go:190.2,190.40 1 0
github.com/ivpn/dns/api/internal/validator/validator.go:190.40,192.3 1 0
github.com/ivpn/dns/api/internal/validator/validator.go:194.2,194.37 1 0
github.com/ivpn/dns/api/internal/validator/validator.go:194.37,196.3 1 0
github.com/ivpn/dns/api/internal/validator/validator.go:198.2,198.42 1 0
github.com/ivpn/dns/api/internal/validator/validator.go:198.42,200.3 1 0
github.com/ivpn/dns/api/internal/validator/validator.go:202.2,202.13 1 0
github.com/ivpn/dns/api/internal/validator/validator.go:207.55,210.2 2 0
github.com/ivpn/dns/api/internal/middleware/accepts.go:8.56,9.34 1 1
github.com/ivpn/dns/api/internal/middleware/accepts.go:9.34,11.21 2 1
github.com/ivpn/dns/api/internal/middleware/accepts.go:11.21,14.4 2 1
github.com/ivpn/dns/api/internal/middleware/accepts.go:15.3,15.18 1 1
github.com/ivpn/dns/api/internal/middleware/auth.go:15.109,16.34 1 1
github.com/ivpn/dns/api/internal/middleware/auth.go:16.34,18.25 2 1
github.com/ivpn/dns/api/internal/middleware/auth.go:18.25,20.18 2 1
github.com/ivpn/dns/api/internal/middleware/auth.go:20.18,23.5 2 1
github.com/ivpn/dns/api/internal/middleware/auth.go:24.4,24.10 1 1
github.com/ivpn/dns/api/internal/middleware/auth.go:24.10,28.5 3 1
github.com/ivpn/dns/api/internal/middleware/auth.go:31.3,31.48 1 1
github.com/ivpn/dns/api/internal/middleware/auth.go:35.55,41.2 1 0
github.com/ivpn/dns/api/internal/middleware/auth.go:43.65,51.16 3 0
github.com/ivpn/dns/api/internal/middleware/auth.go:51.16,53.3 1 0
github.com/ivpn/dns/api/internal/middleware/auth.go:55.2,55.22 1 0
github.com/ivpn/dns/api/internal/middleware/cors.go:10.53,16.2 1 0
github.com/ivpn/dns/api/internal/middleware/cors.go:18.52,20.34 1 0
github.com/ivpn/dns/api/internal/middleware/cors.go:20.34,22.56 2 0
github.com/ivpn/dns/api/internal/middleware/cors.go:22.56,24.4 1 0
github.com/ivpn/dns/api/internal/middleware/cors.go:25.3,25.18 1 0
github.com/ivpn/dns/api/internal/middleware/limit.go:17.45,18.16 1 1
github.com/ivpn/dns/api/internal/middleware/limit.go:18.16,20.3 1 0
github.com/ivpn/dns/api/internal/middleware/limit.go:21.2,22.19 2 1
github.com/ivpn/dns/api/internal/middleware/limit.go:22.19,24.3 1 1
github.com/ivpn/dns/api/internal/middleware/limit.go:30.57,31.19 1 1
github.com/ivpn/dns/api/internal/middleware/limit.go:31.19,32.35 1 1
github.com/ivpn/dns/api/internal/middleware/limit.go:32.35,32.54 1 1
github.com/ivpn/dns/api/internal/middleware/limit.go:34.2,37.43 1 1
github.com/ivpn/dns/api/internal/middleware/limit.go:37.43,42.4 3 1
github.com/ivpn/dns/api/internal/middleware/nocache.go:7.33,8.34 1 1
github.com/ivpn/dns/api/internal/middleware/nocache.go:8.34,12.3 3 1
github.com/ivpn/dns/api/internal/middleware/psk.go:12.36,16.66 3 1
github.com/ivpn/dns/api/internal/middleware/psk.go:16.66,18.3 1 1
github.com/ivpn/dns/api/internal/middleware/psk.go:18.8,18.46 1 1
github.com/ivpn/dns/api/internal/middleware/psk.go:18.46,20.3 1 1
github.com/ivpn/dns/api/internal/middleware/psk.go:22.2,22.20 1 1
github.com/ivpn/dns/api/internal/middleware/psk.go:25.49,27.34 1 0
github.com/ivpn/dns/api/internal/middleware/psk.go:27.34,29.70 2 0
github.com/ivpn/dns/api/internal/middleware/psk.go:29.70,31.4 1 0
github.com/ivpn/dns/api/internal/middleware/psk.go:33.3,33.18 1 0
github.com/ivpn/dns/api/internal/middleware/recover.go:8.30,9.34 1 0
github.com/ivpn/dns/api/internal/middleware/recover.go:9.34,10.16 1 0
github.com/ivpn/dns/api/internal/middleware/recover.go:10.16,11.32 1 0
github.com/ivpn/dns/api/internal/middleware/recover.go:11.32,23.20 2 0
github.com/ivpn/dns/api/internal/middleware/recover.go:23.20,25.6 1 0
github.com/ivpn/dns/api/internal/middleware/recover.go:28.3,28.18 1 0
github.com/ivpn/dns/api/internal/middleware/sentry.go:9.34,14.2 1 0
github.com/ivpn/dns/api/model/account.go:41.81,45.16 3 0
github.com/ivpn/dns/api/model/account.go:45.16,47.3 1 0
github.com/ivpn/dns/api/model/account.go:49.2,63.20 2 0
github.com/ivpn/dns/api/model/account.go:63.20,64.50 1 0
github.com/ivpn/dns/api/model/account.go:64.50,66.4 1 0
github.com/ivpn/dns/api/model/account.go:70.2,70.17 1 0
github.com/ivpn/dns/api/model/account.go:73.50,75.2 1 0
github.com/ivpn/dns/api/model/account.go:78.39,80.2 1 0
github.com/ivpn/dns/api/model/account.go:83.41,85.2 1 0
github.com/ivpn/dns/api/model/account.go:88.48,90.2 1 0
github.com/ivpn/dns/api/model/account.go:93.63,97.2 1 0
github.com/ivpn/dns/api/model/account.go:101.57,102.42 1 1
github.com/ivpn/dns/api/model/account.go:102.42,104.3 1 1
github.com/ivpn/dns/api/model/account.go:105.2,106.16 2 1
github.com/ivpn/dns/api/model/account.go:106.16,108.3 1 0
github.com/ivpn/dns/api/model/account.go:109.2,111.12 3 1
github.com/ivpn/dns/api/model/blocklist.go:31.144,32.23 1 0
github.com/ivpn/dns/api/model/blocklist.go:32.23,34.3 1 0
github.com/ivpn/dns/api/model/blocklist.go:36.2,36.25 1 0
github.com/ivpn/dns/api/model/blocklist.go:36.25,38.3 1 0
github.com/ivpn/dns/api/model/blocklist.go:40.2,51.8 1 0
github.com/ivpn/dns/api/model/profile.go:18.82,20.16 2 0
github.com/ivpn/dns/api/model/profile.go:20.16,22.3 1 0
github.com/ivpn/dns/api/model/profile.go:23.2,28.8 1 0
github.com/ivpn/dns/api/model/profile_settings.go:48.37,77.2 1 0
github.com/ivpn/dns/api/model/profile_settings.go:95.68,97.2 1 0
github.com/ivpn/dns/api/model/profile_settings.go:99.67,100.16 1 0
github.com/ivpn/dns/api/model/profile_settings.go:101.20,102.27 1 0
github.com/ivpn/dns/api/model/profile_settings.go:103.20,104.27 1 0
github.com/ivpn/dns/api/model/profile_settings.go:105.22,106.29 1 0
github.com/ivpn/dns/api/model/profile_settings.go:107.10,108.40 1 0
github.com/ivpn/dns/api/model/profile_settings.go:115.68,117.2 1 0
github.com/ivpn/dns/api/model/profile_settings.go:123.93,124.41 1 1
github.com/ivpn/dns/api/model/profile_settings.go:124.41,125.54 1 1
github.com/ivpn/dns/api/model/profile_settings.go:125.54,127.4 1 1
github.com/ivpn/dns/api/model/profile_settings.go:129.2,129.51 1 1
github.com/ivpn/dns/api/model/profile_settings.go:145.61,147.2 1 0
github.com/ivpn/dns/api/model/profile_settings.go:149.56,150.19 1 0
github.com/ivpn/dns/api/model/profile_settings.go:151.36,152.35 1 0
github.com/ivpn/dns/api/model/profile_settings.go:153.10,154.33 1 0
github.com/ivpn/dns/api/model/session.go:22.40,25.16 3 1
github.com/ivpn/dns/api/model/session.go:25.16,27.3 1 0
github.com/ivpn/dns/api/model/session.go:28.2,28.50 1 1
github.com/ivpn/dns/api/model/session.go:31.48,33.54 2 1
github.com/ivpn/dns/api/model/session.go:33.54,35.3 1 1
github.com/ivpn/dns/api/model/session.go:37.2,38.12 2 1
github.com/ivpn/dns/api/model/subscription.go:27.40,29.2 1 0
github.com/ivpn/dns/api/model/timespan.go:14.48,15.18 1 0
github.com/ivpn/dns/api/model/timespan.go:16.19,17.16 1 0
github.com/ivpn/dns/api/model/timespan.go:18.21,19.17 1 0
github.com/ivpn/dns/api/model/timespan.go:20.18,21.17 1 0
github.com/ivpn/dns/api/model/timespan.go:22.19,23.21 1 0
github.com/ivpn/dns/api/model/timespan.go:24.18,25.22 1 0
github.com/ivpn/dns/api/model/timespan.go:27.2,27.42 1 0
github.com/ivpn/dns/api/model/webauthn.go:56.65,59.32 2 0
github.com/ivpn/dns/api/model/webauthn.go:59.32,61.3 1 0
github.com/ivpn/dns/api/model/webauthn.go:63.2,80.3 1 0
github.com/ivpn/dns/api/model/webauthn.go:84.100,87.35 2 0
github.com/ivpn/dns/api/model/webauthn.go:87.35,89.3 1 0
github.com/ivpn/dns/api/model/webauthn.go:91.2,113.3 1 0
github.com/ivpn/dns/api/model/webauthn.go:117.144,127.2 2 0
github.com/ivpn/dns/api/model/webauthn.go:130.55,133.19 3 0
github.com/ivpn/dns/api/model/webauthn.go:133.19,136.17 3 0
github.com/ivpn/dns/api/model/webauthn.go:136.17,138.4 1 0
github.com/ivpn/dns/api/model/webauthn.go:139.3,139.51 1 0
github.com/ivpn/dns/api/model/webauthn.go:141.2,141.23 1 0
github.com/ivpn/dns/api/service/credentials.go:21.42,23.2 1 0
github.com/ivpn/dns/api/service/credentials.go:26.54,31.2 1 1
github.com/ivpn/dns/api/service/credentials.go:42.113,44.16 2 0
github.com/ivpn/dns/api/service/credentials.go:44.16,46.3 1 0
github.com/ivpn/dns/api/service/credentials.go:48.2,48.25 1 0
github.com/ivpn/dns/api/service/credentials.go:51.123,53.16 2 0
github.com/ivpn/dns/api/service/credentials.go:53.16,56.3 2 0
github.com/ivpn/dns/api/service/credentials.go:58.2,58.43 1 0
github.com/ivpn/dns/api/service/credentials.go:58.43,60.3 1 0
github.com/ivpn/dns/api/service/credentials.go:62.2,63.16 2 0
github.com/ivpn/dns/api/service/credentials.go:63.16,65.3 1 0
github.com/ivpn/dns/api/service/credentials.go:67.2,67.12 1 0
github.com/ivpn/dns/api/service/credentials.go:70.125,72.16 2 0
github.com/ivpn/dns/api/service/credentials.go:72.16,74.3 1 0
github.com/ivpn/dns/api/service/credentials.go:76.2,76.12 1 0
github.com/ivpn/dns/api/service/credentials.go:89.114,91.16 2 0
github.com/ivpn/dns/api/service/credentials.go:91.16,93.3 1 0
github.com/ivpn/dns/api/service/credentials.go:95.2,95.12 1 0
github.com/ivpn/dns/api/service/credentials.go:98.130,100.16 2 1
github.com/ivpn/dns/api/service/credentials.go:100.16,102.3 1 0
github.com/ivpn/dns/api/service/credentials.go:104.2,104.12 1 1
github.com/ivpn/dns/api/service/service.go:45.214,66.2 9 0
github.com/ivpn/dns/api/service/service.go:181.135,182.82 1 0
github.com/ivpn/dns/api/service/service.go:182.82,184.3 1 0
github.com/ivpn/dns/api/service/service.go:185.2,185.52 1 0
github.com/ivpn/dns/api/service/service.go:189.120,191.2 1 0
github.com/ivpn/dns/api/service/session.go:17.94,19.16 2 0
github.com/ivpn/dns/api/service/session.go:19.16,21.3 1 0
github.com/ivpn/dns/api/service/session.go:23.2,23.29 1 0
github.com/ivpn/dns/api/service/session.go:26.132,28.16 2 0
github.com/ivpn/dns/api/service/session.go:28.16,30.3 1 0
github.com/ivpn/dns/api/service/session.go:32.2,32.12 1 0
github.com/ivpn/dns/api/service/session.go:35.74,37.16 2 0
github.com/ivpn/dns/api/service/session.go:37.16,39.3 1 0
github.com/ivpn/dns/api/service/session.go:41.2,41.12 1 0
github.com/ivpn/dns/api/service/session.go:44.94,46.16 2 0
github.com/ivpn/dns/api/service/session.go:46.16,48.3 1 0
github.com/ivpn/dns/api/service/session.go:50.2,50.19 1 0
github.com/ivpn/dns/api/service/session.go:52.86,54.16 2 0
github.com/ivpn/dns/api/service/session.go:54.16,56.3 1 0
github.com/ivpn/dns/api/service/session.go:58.2,58.12 1 0
github.com/ivpn/dns/api/service/session.go:61.113,63.16 2 0
github.com/ivpn/dns/api/service/session.go:63.16,65.3 1 0
github.com/ivpn/dns/api/service/session.go:67.2,67.12 1 0
github.com/ivpn/dns/api/service/webauthn.go:23.128,32.16 3 0
github.com/ivpn/dns/api/service/webauthn.go:32.16,34.3 1 0
github.com/ivpn/dns/api/service/webauthn.go:37.2,38.16 2 0
github.com/ivpn/dns/api/service/webauthn.go:38.16,40.3 1 0
github.com/ivpn/dns/api/service/webauthn.go:43.2,44.16 2 0
github.com/ivpn/dns/api/service/webauthn.go:44.16,46.3 1 0
github.com/ivpn/dns/api/service/webauthn.go:48.2,48.29 1 0
github.com/ivpn/dns/api/service/webauthn.go:52.102,55.27 2 0
github.com/ivpn/dns/api/service/webauthn.go:55.27,57.3 1 0
github.com/ivpn/dns/api/service/webauthn.go:60.2,61.16 2 0
github.com/ivpn/dns/api/service/webauthn.go:61.16,63.3 1 0
github.com/ivpn/dns/api/service/webauthn.go:66.2,67.16 2 0
github.com/ivpn/dns/api/service/webauthn.go:67.16,69.3 1 0
github.com/ivpn/dns/api/service/webauthn.go:72.2,73.16 2 0
github.com/ivpn/dns/api/service/webauthn.go:73.16,75.3 1 0
github.com/ivpn/dns/api/service/webauthn.go:78.2,79.16 2 0
github.com/ivpn/dns/api/service/webauthn.go:79.16,81.3 1 0
github.com/ivpn/dns/api/service/webauthn.go:82.2,82.77 1 0
github.com/ivpn/dns/api/service/webauthn.go:82.77,84.3 1 0
github.com/ivpn/dns/api/service/webauthn.go:86.2,86.12 1 0
github.com/ivpn/dns/api/service/webauthn.go:90.112,93.16 2 0
github.com/ivpn/dns/api/service/webauthn.go:93.16,95.3 1 0
github.com/ivpn/dns/api/service/webauthn.go:98.2,99.16 2 0
github.com/ivpn/dns/api/service/webauthn.go:99.16,101.3 1 0
github.com/ivpn/dns/api/service/webauthn.go:103.2,103.27 1 0
github.com/ivpn/dns/api/service/webauthn.go:103.27,105.3 1 0
github.com/ivpn/dns/api/service/webauthn.go:108.2,109.35 2 0
github.com/ivpn/dns/api/service/webauthn.go:109.35,111.3 1 0
github.com/ivpn/dns/api/service/webauthn.go:114.2,121.16 3 0
github.com/ivpn/dns/api/service/webauthn.go:121.16,123.3 1 0
github.com/ivpn/dns/api/service/webauthn.go:126.2,127.16 2 0
github.com/ivpn/dns/api/service/webauthn.go:127.16,129.3 1 0
github.com/ivpn/dns/api/service/webauthn.go:132.2,133.16 2 0
github.com/ivpn/dns/api/service/webauthn.go:133.16,135.3 1 0
github.com/ivpn/dns/api/service/webauthn.go:137.2,137.30 1 0
github.com/ivpn/dns/api/service/webauthn.go:140.126,143.39 2 0
github.com/ivpn/dns/api/service/webauthn.go:143.39,145.3 1 0
github.com/ivpn/dns/api/service/webauthn.go:146.2,146.26 1 0
github.com/ivpn/dns/api/service/webauthn.go:146.26,148.3 1 0
github.com/ivpn/dns/api/service/webauthn.go:151.2,152.16 2 0
github.com/ivpn/dns/api/service/webauthn.go:152.16,154.3 1 0
github.com/ivpn/dns/api/service/webauthn.go:156.2,156.64 1 0
github.com/ivpn/dns/api/service/webauthn.go:156.64,158.3 1 0
github.com/ivpn/dns/api/service/webauthn.go:160.2,161.16 2 0
github.com/ivpn/dns/api/service/webauthn.go:161.16,163.3 1 0
github.com/ivpn/dns/api/service/webauthn.go:164.2,164.27 1 0
github.com/ivpn/dns/api/service/webauthn.go:164.27,166.3 1 0
github.com/ivpn/dns/api/service/webauthn.go:168.2,169.35 2 0
github.com/ivpn/dns/api/service/webauthn.go:169.35,171.3 1 0
github.com/ivpn/dns/api/service/webauthn.go:173.2,179.16 3 0
github.com/ivpn/dns/api/service/webauthn.go:179.16,181.3 1 0
github.com/ivpn/dns/api/service/webauthn.go:183.2,184.16 2 0
github.com/ivpn/dns/api/service/webauthn.go:184.16,186.3 1 0
github.com/ivpn/dns/api/service/webauthn.go:188.2,188.86 1 0
github.com/ivpn/dns/api/service/webauthn.go:188.86,190.3 1 0
github.com/ivpn/dns/api/service/webauthn.go:192.2,192.28 1 0
github.com/ivpn/dns/api/service/webauthn.go:196.115,198.16 2 0
github.com/ivpn/dns/api/service/webauthn.go:198.16,200.3 1 0
github.com/ivpn/dns/api/service/webauthn.go:202.2,203.17 2 0
github.com/ivpn/dns/api/service/webauthn.go:204.22,205.46 1 0
github.com/ivpn/dns/api/service/webauthn.go:206.26,207.50 1 0
github.com/ivpn/dns/api/service/webauthn.go:208.10,209.44 1 0
github.com/ivpn/dns/api/service/webauthn.go:212.2,213.16 2 0
github.com/ivpn/dns/api/service/webauthn.go:213.16,215.3 1 0
github.com/ivpn/dns/api/service/webauthn.go:216.2,217.58 2 0
github.com/ivpn/dns/api/service/webauthn.go:217.58,219.3 1 0
github.com/ivpn/dns/api/service/webauthn.go:220.2,220.23 1 0
github.com/ivpn/dns/api/service/webauthn.go:224.150,227.27 2 0
github.com/ivpn/dns/api/service/webauthn.go:227.27,229.3 1 0
github.com/ivpn/dns/api/service/webauthn.go:230.2,233.15 2 0
github.com/ivpn/dns/api/service/webauthn.go:233.15,234.56 1 0
github.com/ivpn/dns/api/service/webauthn.go:234.56,237.4 1 0
github.com/ivpn/dns/api/service/webauthn.go:241.2,242.16 2 0
github.com/ivpn/dns/api/service/webauthn.go:242.16,244.3 1 0
github.com/ivpn/dns/api/service/webauthn.go:247.2,248.16 2 0
github.com/ivpn/dns/api/service/webauthn.go:248.16,250.3 1 0
github.com/ivpn/dns/api/service/webauthn.go:253.2,254.35 2 0
github.com/ivpn/dns/api/service/webauthn.go:254.35,256.3 1 0
github.com/ivpn/dns/api/service/webauthn.go:259.2,266.16 3 0
github.com/ivpn/dns/api/service/webauthn.go:266.16,268.3 1 0
github.com/ivpn/dns/api/service/webauthn.go:271.2,271.43 1 0
github.com/ivpn/dns/api/service/webauthn.go:271.43,273.3 1 0
github.com/ivpn/dns/api/service/webauthn.go:276.2,277.16 2 0
github.com/ivpn/dns/api/service/webauthn.go:277.16,279.3 1 0
github.com/ivpn/dns/api/service/webauthn.go:282.2,287.17 2 0
github.com/ivpn/dns/api/service/webauthn.go:287.17,289.17 2 0
github.com/ivpn/dns/api/service/webauthn.go:289.17,291.4 1 0
github.com/ivpn/dns/api/service/webauthn.go:293.3,294.17 2 0
github.com/ivpn/dns/api/service/webauthn.go:294.17,296.4 1 0
github.com/ivpn/dns/api/service/webauthn.go:298.3,298.33 1 0
github.com/ivpn/dns/api/service/webauthn.go:300.2,300.34 1 0
github.com/ivpn/dns/api/service/webauthn.go:304.126,307.16 2 0
github.com/ivpn/dns/api/service/webauthn.go:307.16,309.3 1 0
github.com/ivpn/dns/api/service/webauthn.go:312.2,313.35 2 0
github.com/ivpn/dns/api/service/webauthn.go:313.35,315.3 1 0
github.com/ivpn/dns/api/service/webauthn.go:318.2,325.16 3 0
github.com/ivpn/dns/api/service/webauthn.go:325.16,327.3 1 0
github.com/ivpn/dns/api/service/webauthn.go:330.2,331.16 2 0
github.com/ivpn/dns/api/service/webauthn.go:331.16,333.3 1 0
github.com/ivpn/dns/api/service/webauthn.go:336.2,337.16 2 0
github.com/ivpn/dns/api/service/webauthn.go:337.16,339.3 1 0
github.com/ivpn/dns/api/service/webauthn.go:341.2,341.29 1 0
github.com/ivpn/dns/api/service/webauthn.go:345.100,348.27 2 0
github.com/ivpn/dns/api/service/webauthn.go:348.27,350.3 1 0
github.com/ivpn/dns/api/service/webauthn.go:352.2,352.15 1 0
github.com/ivpn/dns/api/service/webauthn.go:352.15,353.53 1 0
github.com/ivpn/dns/api/service/webauthn.go:353.53,355.4 1 0
github.com/ivpn/dns/api/service/webauthn.go:359.2,360.16 2 0
github.com/ivpn/dns/api/service/webauthn.go:360.16,362.3 1 0
github.com/ivpn/dns/api/service/webauthn.go:365.2,366.16 2 0
github.com/ivpn/dns/api/service/webauthn.go:366.16,368.3 1 0
github.com/ivpn/dns/api/service/webauthn.go:371.2,372.35 2 0
github.com/ivpn/dns/api/service/webauthn.go:372.35,374.3 1 0
github.com/ivpn/dns/api/service/webauthn.go:377.2,384.16 3 0
github.com/ivpn/dns/api/service/webauthn.go:384.16,386.3 1 0
github.com/ivpn/dns/api/service/webauthn.go:389.2,390.16 2 0
github.com/ivpn/dns/api/service/webauthn.go:390.16,392.3 1 0
github.com/ivpn/dns/api/service/webauthn.go:393.2,393.12 1 0
github.com/ivpn/dns/api/service/webauthn.go:397.120,400.16 2 0
github.com/ivpn/dns/api/service/webauthn.go:400.16,402.3 1 0
github.com/ivpn/dns/api/service/webauthn.go:404.2,404.25 1 0
github.com/ivpn/dns/api/service/webauthn.go:408.127,411.16 2 1
github.com/ivpn/dns/api/service/webauthn.go:411.16,413.3 1 0
github.com/ivpn/dns/api/service/webauthn.go:415.2,415.39 1 1
github.com/ivpn/dns/api/service/webauthn.go:415.39,417.3 1 0
github.com/ivpn/dns/api/service/webauthn.go:420.2,421.16 2 1
github.com/ivpn/dns/api/service/webauthn.go:421.16,423.3 1 0
github.com/ivpn/dns/api/service/webauthn.go:425.2,425.12 1 1
github.com/ivpn/dns/api/service/webauthn.go:429.38,432.16 3 0
github.com/ivpn/dns/api/service/webauthn.go:432.16,434.3 1 0
github.com/ivpn/dns/api/service/webauthn.go:435.2,435.54 1 0
github.com/ivpn/dns/api/service/account/account.go:52.388,66.2 1 1
github.com/ivpn/dns/api/service/account/account.go:68.151,71.21 2 1
github.com/ivpn/dns/api/service/account/account.go:71.21,73.3 1 1
github.com/ivpn/dns/api/service/account/account.go:76.2,77.70 2 1
github.com/ivpn/dns/api/service/account/account.go:77.70,79.3 1 0
github.com/ivpn/dns/api/service/account/account.go:82.2,82.46 1 1
github.com/ivpn/dns/api/service/account/account.go:82.46,83.17 1 1
github.com/ivpn/dns/api/service/account/account.go:83.17,85.4 1 0
github.com/ivpn/dns/api/service/account/account.go:87.3,87.26 1 1
github.com/ivpn/dns/api/service/account/account.go:87.26,89.4 1 1
github.com/ivpn/dns/api/service/account/account.go:91.3,91.36 1 1
github.com/ivpn/dns/api/service/account/account.go:91.36,93.18 2 0
github.com/ivpn/dns/api/service/account/account.go:93.18,96.5 2 0
github.com/ivpn/dns/api/service/account/account.go:97.4,97.20 1 0
github.com/ivpn/dns/api/service/account/account.go:99.3,99.15 1 1
github.com/ivpn/dns/api/service/account/account.go:102.2,102.24 1 1
github.com/ivpn/dns/api/service/account/account.go:102.24,103.30 1 1
github.com/ivpn/dns/api/service/account/account.go:103.30,105.4 1 1
github.com/ivpn/dns/api/service/account/account.go:108.3,109.20 2 1
github.com/ivpn/dns/api/service/account/account.go:109.20,110.59 1 1
github.com/ivpn/dns/api/service/account/account.go:110.59,113.25 2 1
github.com/ivpn/dns/api/service/account/account.go:113.25,115.6 1 0
github.com/ivpn/dns/api/service/account/account.go:116.10,118.5 1 0
github.com/ivpn/dns/api/service/account/account.go:121.3,121.71 1 1
github.com/ivpn/dns/api/service/account/account.go:121.71,122.60 1 1
github.com/ivpn/dns/api/service/account/account.go:122.60,124.5 1 0
github.com/ivpn/dns/api/service/account/account.go:125.4,125.87 1 1
github.com/ivpn/dns/api/service/account/account.go:125.87,127.5 1 0
github.com/ivpn/dns/api/service/account/account.go:130.3,131.21 2 1
github.com/ivpn/dns/api/service/account/account.go:131.21,132.83 1 1
github.com/ivpn/dns/api/service/account/account.go:132.83,135.5 2 0
github.com/ivpn/dns/api/service/account/account.go:137.3,137.26 1 1
github.com/ivpn/dns/api/service/account/account.go:143.2,143.98 1 1
github.com/ivpn/dns/api/service/account/account.go:143.98,145.3 1 1
github.com/ivpn/dns/api/service/account/account.go:148.2,149.19 2 1
github.com/ivpn/dns/api/service/account/account.go:149.19,151.3 1 0
github.com/ivpn/dns/api/service/account/account.go:153.2,154.20 2 1
github.com/ivpn/dns/api/service/account/account.go:154.20,155.74 1 1
github.com/ivpn/dns/api/service/account/account.go:155.74,158.4 2 0
github.com/ivpn/dns/api/service/account/account.go:160.2,160.17 1 1
github.com/ivpn/dns/api/service/account/account.go:165.121,167.16 2 1
github.com/ivpn/dns/api/service/account/account.go:167.16,169.3 1 0
github.com/ivpn/dns/api/service/account/account.go:171.2,171.16 1 1
github.com/ivpn/dns/api/service/account/account.go:171.16,173.73 1 1
github.com/ivpn/dns/api/service/account/account.go:173.73,175.4 1 0
github.com/ivpn/dns/api/service/account/account.go:176.3,177.17 2 1
github.com/ivpn/dns/api/service/account/account.go:177.17,179.4 1 0
github.com/ivpn/dns/api/service/account/account.go:181.2,181.12 1 1
github.com/ivpn/dns/api/service/account/account.go:185.132,187.16 2 1
github.com/ivpn/dns/api/service/account/account.go:187.16,189.3 1 0
github.com/ivpn/dns/api/service/account/account.go:192.2,193.16 2 1
github.com/ivpn/dns/api/service/account/account.go:193.16,194.51 1 1
github.com/ivpn/dns/api/service/account/account.go:194.51,196.4 1 1
github.com/ivpn/dns/api/service/account/account.go:198.2,198.24 1 1
github.com/ivpn/dns/api/service/account/account.go:198.24,200.3 1 1
github.com/ivpn/dns/api/service/account/account.go:202.2,204.16 3 1
github.com/ivpn/dns/api/service/account/account.go:204.16,206.3 1 1
github.com/ivpn/dns/api/service/account/account.go:208.2,209.16 2 1
github.com/ivpn/dns/api/service/account/account.go:209.16,211.3 1 1
github.com/ivpn/dns/api/service/account/account.go:213.2,214.16 2 1
github.com/ivpn/dns/api/service/account/account.go:214.16,216.3 1 0
github.com/ivpn/dns/api/service/account/account.go:218.2,218.71 1 1
github.com/ivpn/dns/api/service/account/account.go:218.71,220.3 1 0
github.com/ivpn/dns/api/service/account/account.go:227.2,228.16 2 1
github.com/ivpn/dns/api/service/account/account.go:228.16,230.3 1 0
github.com/ivpn/dns/api/service/account/account.go:232.2,232.17 1 1
github.com/ivpn/dns/api/service/account/account.go:235.104,237.27 2 1
github.com/ivpn/dns/api/service/account/account.go:237.27,237.60 1 1
github.com/ivpn/dns/api/service/account/account.go:238.2,238.21 1 1
github.com/ivpn/dns/api/service/account/account.go:238.21,239.70 1 1
github.com/ivpn/dns/api/service/account/account.go:239.70,241.18 2 1
github.com/ivpn/dns/api/service/account/account.go:241.18,243.5 1 0
github.com/ivpn/dns/api/service/account/account.go:244.4,244.14 1 1
github.com/ivpn/dns/api/service/account/account.go:247.2,247.34 1 1
github.com/ivpn/dns/api/service/account/account.go:247.34,250.3 2 0
github.com/ivpn/dns/api/service/account/account.go:251.2,251.12 1 1
github.com/ivpn/dns/api/service/account/account.go:255.160,258.64 2 1
github.com/ivpn/dns/api/service/account/account.go:258.64,260.3 1 0
github.com/ivpn/dns/api/service/account/account.go:261.2,261.24 1 1
github.com/ivpn/dns/api/service/account/account.go:261.24,263.3 1 0
github.com/ivpn/dns/api/service/account/account.go:265.2,267.16 3 1
github.com/ivpn/dns/api/service/account/account.go:267.16,269.3 1 0
github.com/ivpn/dns/api/service/account/account.go:272.2,272.115 1 1
github.com/ivpn/dns/api/service/account/account.go:272.115,274.3 1 0
github.com/ivpn/dns/api/service/account/account.go:276.2,277.16 2 1
github.com/ivpn/dns/api/service/account/account.go:277.16,279.3 1 0
github.com/ivpn/dns/api/service/account/account.go:281.2,281.17 1 1
github.com/ivpn/dns/api/service/account/account.go:286.90,288.16 2 1
github.com/ivpn/dns/api/service/account/account.go:288.16,289.50 1 1
github.com/ivpn/dns/api/service/account/account.go:289.50,293.4 2 1
github.com/ivpn/dns/api/service/account/account.go:294.3,295.13 2 1
github.com/ivpn/dns/api/service/account/account.go:298.2,298.24 1 1
github.com/ivpn/dns/api/service/account/account.go:298.24,301.3 2 1
github.com/ivpn/dns/api/service/account/account.go:303.2,305.27 2 1
github.com/ivpn/dns/api/service/account/account.go:305.27,307.3 1 1
github.com/ivpn/dns/api/service/account/account.go:309.2,310.16 2 1
github.com/ivpn/dns/api/service/account/account.go:310.16,312.3 1 0
github.com/ivpn/dns/api/service/account/account.go:313.2,315.16 3 1
github.com/ivpn/dns/api/service/account/account.go:315.16,317.3 1 0
github.com/ivpn/dns/api/service/account/account.go:319.2,319.21 1 1
github.com/ivpn/dns/api/service/account/account.go:319.21,320.76 1 1
github.com/ivpn/dns/api/service/account/account.go:320.76,322.18 2 1
github.com/ivpn/dns/api/service/account/account.go:322.18,324.5 1 1
github.com/ivpn/dns/api/service/account/account.go:325.4,325.14 1 1
github.com/ivpn/dns/api/service/account/account.go:329.2,329.34 1 1
github.com/ivpn/dns/api/service/account/account.go:329.34,331.3 1 1
github.com/ivpn/dns/api/service/account/account.go:333.2,333.12 1 1
github.com/ivpn/dns/api/service/account/account.go:337.100,339.16 2 1
github.com/ivpn/dns/api/service/account/account.go:339.16,341.3 1 1
github.com/ivpn/dns/api/service/account/account.go:343.2,344.16 2 1
github.com/ivpn/dns/api/service/account/account.go:344.16,346.3 1 0
github.com/ivpn/dns/api/service/account/account.go:347.2,348.60 2 1
github.com/ivpn/dns/api/service/account/account.go:348.60,350.3 1 0
github.com/ivpn/dns/api/service/account/account.go:352.2,352.21 1 1
github.com/ivpn/dns/api/service/account/account.go:356.93,358.25 2 1
github.com/ivpn/dns/api/service/account/account.go:358.25,360.3 1 0
github.com/ivpn/dns/api/service/account/account.go:361.2,361.35 1 1
github.com/ivpn/dns/api/service/account/account.go:361.35,363.17 2 0
github.com/ivpn/dns/api/service/account/account.go:363.17,365.4 1 0
github.com/ivpn/dns/api/service/account/account.go:366.3,366.16 1 0
github.com/ivpn/dns/api/service/account/account.go:366.16,368.4 1 0
github.com/ivpn/dns/api/service/account/account.go:370.2,371.12 2 1
github.com/ivpn/dns/api/service/account/account.go:375.143,377.45 2 1
github.com/ivpn/dns/api/service/account/account.go:377.45,379.17 2 1
github.com/ivpn/dns/api/service/account/account.go:379.17,381.4 1 1
github.com/ivpn/dns/api/service/account/account.go:383.3,383.54 1 1
github.com/ivpn/dns/api/service/account/account.go:386.2,386.34 1 1
github.com/ivpn/dns/api/service/account/account.go:390.136,395.33 3 1
github.com/ivpn/dns/api/service/account/account.go:395.33,396.33 1 1
github.com/ivpn/dns/api/service/account/account.go:396.33,398.4 1 1
github.com/ivpn/dns/api/service/account/account.go:398.9,400.4 1 1
github.com/ivpn/dns/api/service/account/account.go:404.2,404.40 1 1
github.com/ivpn/dns/api/service/account/account.go:404.40,405.78 1 1
github.com/ivpn/dns/api/service/account/account.go:405.78,407.4 1 1
github.com/ivpn/dns/api/service/account/account.go:411.2,411.27 1 1
github.com/ivpn/dns/api/service/account/account.go:411.27,413.17 2 1
github.com/ivpn/dns/api/service/account/account.go:413.17,415.4 1 1
github.com/ivpn/dns/api/service/account/account.go:418.3,420.39 2 1
github.com/ivpn/dns/api/service/account/account.go:420.39,422.34 1 1
github.com/ivpn/dns/api/service/account/account.go:422.34,425.13 2 1
github.com/ivpn/dns/api/service/account/account.go:427.4,427.23 1 1
github.com/ivpn/dns/api/service/account/account.go:428.18,430.69 1 1
github.com/ivpn/dns/api/service/account/account.go:430.69,432.6 1 1
github.com/ivpn/dns/api/service/account/account.go:433.34,434.56 1 1
github.com/ivpn/dns/api/service/account/account.go:438.3,438.31 1 1
github.com/ivpn/dns/api/service/account/account.go:438.31,439.52 1 1
github.com/ivpn/dns/api/service/account/account.go:439.52,441.5 1 1
github.com/ivpn/dns/api/service/account/account.go:442.4,442.71 1 1
github.com/ivpn/dns/api/service/account/account.go:442.71,444.5 1 1
github.com/ivpn/dns/api/service/account/account.go:446.3,447.17 2 1
github.com/ivpn/dns/api/service/account/account.go:447.17,449.4 1 1
github.com/ivpn/dns/api/service/account/account.go:451.3,451.13 1 1
github.com/ivpn/dns/api/service/account/account.go:454.2,454.12 1 1
github.com/ivpn/dns/api/service/account/account.go:457.126,459.16 2 1
github.com/ivpn/dns/api/service/account/account.go:459.16,461.3 1 0
github.com/ivpn/dns/api/service/account/account.go:463.2,463.26 1 1
github.com/ivpn/dns/api/service/account/account.go:464.32,465.72 1 1
github.com/ivpn/dns/api/service/account/account.go:466.35,467.77 1 0
github.com/ivpn/dns/api/service/account/account.go:468.10,469.35 1 0
github.com/ivpn/dns/api/service/account/account.go:473.139,477.16 2 1
github.com/ivpn/dns/api/service/account/account.go:477.16,479.3 1 0
github.com/ivpn/dns/api/service/account/account.go:480.2,481.53 2 1
github.com/ivpn/dns/api/service/account/account.go:481.53,483.3 1 0
github.com/ivpn/dns/api/service/account/account.go:485.2,485.23 1 1
github.com/ivpn/dns/api/service/account/account.go:485.23,486.52 1 1
github.com/ivpn/dns/api/service/account/account.go:486.52,488.4 1 1
github.com/ivpn/dns/api/service/account/account.go:491.2,491.68 1 1
github.com/ivpn/dns/api/service/account/account.go:491.68,493.3 1 1
github.com/ivpn/dns/api/service/account/account.go:495.2,495.68 1 1
github.com/ivpn/dns/api/service/account/account.go:495.68,497.3 1 0
github.com/ivpn/dns/api/service/account/account.go:499.2,499.37 1 1
github.com/ivpn/dns/api/service/account/account.go:499.37,500.51 1 1
github.com/ivpn/dns/api/service/account/account.go:500.51,502.4 1 1
github.com/ivpn/dns/api/service/account/account.go:503.3,504.17 2 1
github.com/ivpn/dns/api/service/account/account.go:504.17,506.4 1 0
github.com/ivpn/dns/api/service/account/account.go:508.3,508.78 1 1
github.com/ivpn/dns/api/service/account/account.go:508.78,510.4 1 1
github.com/ivpn/dns/api/service/account/account.go:512.2,512.33 1 1
github.com/ivpn/dns/api/service/account/account.go:512.33,514.17 2 1
github.com/ivpn/dns/api/service/account/account.go:514.17,516.4 1 0
github.com/ivpn/dns/api/service/account/account.go:518.3,520.32 3 1
github.com/ivpn/dns/api/service/account/account.go:520.32,521.75 1 1
github.com/ivpn/dns/api/service/account/account.go:521.75,522.38 1 1
github.com/ivpn/dns/api/service/account/account.go:522.38,524.6 1 1
github.com/ivpn/dns/api/service/account/account.go:525.5,527.13 2 1
github.com/ivpn/dns/api/service/account/account.go:529.4,529.36 1 1
github.com/ivpn/dns/api/service/account/account.go:531.3,531.15 1 1
github.com/ivpn/dns/api/service/account/account.go:531.15,533.4 1 1
github.com/ivpn/dns/api/service/account/account.go:534.3,534.25 1 1
github.com/ivpn/dns/api/service/account/account.go:538.2,538.29 1 1
github.com/ivpn/dns/api/service/account/account.go:538.29,540.3 1 0
github.com/ivpn/dns/api/service/account/account.go:542.2,542.53 1 1
github.com/ivpn/dns/api/service/account/account.go:542.53,544.3 1 1
github.com/ivpn/dns/api/service/account/account.go:546.2,549.31 4 1
github.com/ivpn/dns/api/service/account/account.go:549.31,550.45 1 0
github.com/ivpn/dns/api/service/account/account.go:550.45,552.4 1 0
github.com/ivpn/dns/api/service/account/account.go:554.2,555.12 2 1
github.com/ivpn/dns/api/service/account/account.go:558.104,560.30 2 1
github.com/ivpn/dns/api/service/account/account.go:560.30,561.24 1 1
github.com/ivpn/dns/api/service/account/account.go:562.34,564.18 2 1
github.com/ivpn/dns/api/service/account/account.go:564.18,566.5 1 0
github.com/ivpn/dns/api/service/account/account.go:567.4,567.79 1 1
github.com/ivpn/dns/api/service/account/account.go:567.79,569.5 1 0
github.com/ivpn/dns/api/service/account/account.go:570.4,570.19 1 1
github.com/ivpn/dns/api/service/account/account.go:571.37,572.17 1 1
github.com/ivpn/dns/api/service/account/account.go:572.17,574.5 1 1
github.com/ivpn/dns/api/service/account/account.go:575.4,576.18 2 1
github.com/ivpn/dns/api/service/account/account.go:576.18,578.5 1 0
github.com/ivpn/dns/api/service/account/account.go:579.4,579.51 1 1
github.com/ivpn/dns/api/service/account/account.go:579.51,581.5 1 1
github.com/ivpn/dns/api/service/account/account.go:582.4,582.48 1 1
github.com/ivpn/dns/api/service/account/account.go:582.48,584.5 1 0
github.com/ivpn/dns/api/service/account/account.go:586.4,586.20 1 1
github.com/ivpn/dns/api/service/account/account.go:587.11,588.36 1 0
github.com/ivpn/dns/api/service/account/account.go:591.2,591.12 1 1
github.com/ivpn/dns/api/service/account/account.go:595.142,596.16 1 1
github.com/ivpn/dns/api/service/account/account.go:596.16,598.3 1 0
github.com/ivpn/dns/api/service/account/account.go:600.2,601.16 2 1
github.com/ivpn/dns/api/service/account/account.go:601.16,603.3 1 1
github.com/ivpn/dns/api/service/account/account.go:606.2,606.46 1 1
github.com/ivpn/dns/api/service/account/account.go:606.46,608.3 1 1
github.com/ivpn/dns/api/service/account/account.go:611.2,611.90 1 1
github.com/ivpn/dns/api/service/account/account.go:611.90,613.3 1 1
github.com/ivpn/dns/api/service/account/account.go:615.2,615.58 1 1
github.com/ivpn/dns/api/service/account/account.go:615.58,617.3 1 0
github.com/ivpn/dns/api/service/account/account.go:618.2,618.58 1 1
github.com/ivpn/dns/api/service/account/account.go:618.58,620.3 1 0
github.com/ivpn/dns/api/service/account/account.go:622.2,622.32 1 1
github.com/ivpn/dns/api/service/account/account.go:622.32,623.55 1 1
github.com/ivpn/dns/api/service/account/account.go:623.55,625.4 1 1
github.com/ivpn/dns/api/service/account/account.go:626.3,626.98 1 1
github.com/ivpn/dns/api/service/account/account.go:626.98,628.4 1 0
github.com/ivpn/dns/api/service/account/account.go:631.2,631.28 1 1
github.com/ivpn/dns/api/service/account/account.go:631.28,637.36 3 1
github.com/ivpn/dns/api/service/account/account.go:637.36,638.78 1 1
github.com/ivpn/dns/api/service/account/account.go:638.78,639.38 1 1
github.com/ivpn/dns/api/service/account/account.go:639.38,641.6 1 0
github.com/ivpn/dns/api/service/account/account.go:642.5,643.13 2 1
github.com/ivpn/dns/api/service/account/account.go:645.4,645.36 1 0
github.com/ivpn/dns/api/service/account/account.go:647.3,647.15 1 1
github.com/ivpn/dns/api/service/account/account.go:647.15,649.4 1 0
github.com/ivpn/dns/api/service/account/account.go:650.3,650.29 1 1
github.com/ivpn/dns/api/service/account/account.go:654.2,654.45 1 1
github.com/ivpn/dns/api/service/account/account.go:654.45,655.88 1 1
github.com/ivpn/dns/api/service/account/account.go:655.88,657.4 1 1
github.com/ivpn/dns/api/service/account/account.go:661.2,662.16 2 1
github.com/ivpn/dns/api/service/account/account.go:662.16,664.3 1 1
github.com/ivpn/dns/api/service/account/account.go:666.2,666.12 1 1
github.com/ivpn/dns/api/service/account/account.go:669.102,670.43 1 1
github.com/ivpn/dns/api/service/account/account.go:670.43,672.3 1 1
github.com/ivpn/dns/api/service/account/account.go:674.2,674.43 1 1
github.com/ivpn/dns/api/service/account/account.go:674.43,676.17 2 1
github.com/ivpn/dns/api/service/account/account.go:676.17,678.4 1 1
github.com/ivpn/dns/api/service/account/account.go:680.2,680.12 1 1
github.com/ivpn/dns/api/service/account/account.go:684.127,687.16 2 1
github.com/ivpn/dns/api/service/account/account.go:687.16,689.3 1 0
github.com/ivpn/dns/api/service/account/account.go:691.2,692.16 2 1
github.com/ivpn/dns/api/service/account/account.go:692.16,694.3 1 0
github.com/ivpn/dns/api/service/account/account.go:696.2,700.16 3 1
github.com/ivpn/dns/api/service/account/account.go:700.16,702.3 1 1
github.com/ivpn/dns/api/service/account/account.go:704.2,707.8 1 1
github.com/ivpn/dns/api/service/account/email.go:17.106,19.104 1 1
github.com/ivpn/dns/api/service/account/email.go:19.104,22.3 2 0
github.com/ivpn/dns/api/service/account/email.go:23.2,23.15 1 1
github.com/ivpn/dns/api/service/account/error.go:12.46,14.2 1 1
github.com/ivpn/dns/api/service/account/error.go:17.62,22.2 1 1
github.com/ivpn/dns/api/service/account/error.go:65.36,67.2 1 1
github.com/ivpn/dns/api/service/account/error.go:70.42,75.2 1 1
github.com/ivpn/dns/api/service/account/totp.go:16.100,18.16 2 1
github.com/ivpn/dns/api/service/account/totp.go:18.16,20.3 1 1
github.com/ivpn/dns/api/service/account/totp.go:21.2,26.16 2 1
github.com/ivpn/dns/api/service/account/totp.go:26.16,28.3 1 0
github.com/ivpn/dns/api/service/account/totp.go:30.2,32.107 2 1
github.com/ivpn/dns/api/service/account/totp.go:32.107,34.3 1 1
github.com/ivpn/dns/api/service/account/totp.go:36.2,42.8 2 1
github.com/ivpn/dns/api/service/account/totp.go:46.109,48.16 2 1
github.com/ivpn/dns/api/service/account/totp.go:48.16,50.3 1 1
github.com/ivpn/dns/api/service/account/totp.go:52.2,53.16 2 1
github.com/ivpn/dns/api/service/account/totp.go:53.16,55.3 1 1
github.com/ivpn/dns/api/service/account/totp.go:56.2,56.26 1 1
github.com/ivpn/dns/api/service/account/totp.go:56.26,59.3 2 1
github.com/ivpn/dns/api/service/account/totp.go:61.2,62.12 2 1
github.com/ivpn/dns/api/service/account/totp.go:62.12,76.17 4 1
github.com/ivpn/dns/api/service/account/totp.go:76.17,79.4 2 0
github.com/ivpn/dns/api/service/account/totp.go:82.3,82.29 1 1
github.com/ivpn/dns/api/service/account/totp.go:82.29,86.4 3 0
github.com/ivpn/dns/api/service/account/totp.go:88.3,88.30 1 1
github.com/ivpn/dns/api/service/account/totp.go:92.2,92.14 1 1
github.com/ivpn/dns/api/service/account/totp.go:92.14,94.3 1 1
github.com/ivpn/dns/api/service/account/totp.go:96.2,99.16 4 1
github.com/ivpn/dns/api/service/account/totp.go:99.16,102.3 1 1
github.com/ivpn/dns/api/service/account/totp.go:104.2,108.8 2 1
github.com/ivpn/dns/api/service/account/totp.go:111.106,113.16 2 1
github.com/ivpn/dns/api/service/account/totp.go:113.16,115.3 1 1
github.com/ivpn/dns/api/service/account/totp.go:117.2,122.16 6 1
github.com/ivpn/dns/api/service/account/totp.go:122.16,124.3 1 1
github.com/ivpn/dns/api/service/account/totp.go:126.2,128.17 2 1
github.com/ivpn/dns/api/service/account/totp.go:131.113,133.16 2 1
github.com/ivpn/dns/api/service/account/totp.go:133.16,135.3 1 1
github.com/ivpn/dns/api/service/account/totp.go:136.2,136.16 1 1
github.com/ivpn/dns/api/service/account/totp.go:137.15,138.28 1 1
github.com/ivpn/dns/api/service/account/totp.go:138.28,141.4 2 1
github.com/ivpn/dns/api/service/account/totp.go:142.17,143.28 1 1
github.com/ivpn/dns/api/service/account/totp.go:143.28,146.4 2 1
github.com/ivpn/dns/api/service/account/totp.go:147.10,148.56 1 1
github.com/ivpn/dns/api/service/account/totp.go:151.2,153.12 3 1
github.com/ivpn/dns/api/service/account/totp.go:153.12,156.12 3 1
github.com/ivpn/dns/api/service/account/totp.go:156.12,159.18 2 1
github.com/ivpn/dns/api/service/account/totp.go:159.18,162.5 2 1
github.com/ivpn/dns/api/service/account/totp.go:163.4,164.25 2 1
github.com/ivpn/dns/api/service/account/totp.go:170.2,170.12 1 1
github.com/ivpn/dns/api/service/account/totp.go:170.12,181.17 3 1
github.com/ivpn/dns/api/service/account/totp.go:181.17,184.4 2 0
github.com/ivpn/dns/api/service/account/totp.go:187.3,187.29 1 1
github.com/ivpn/dns/api/service/account/totp.go:187.29,191.4 3 1
github.com/ivpn/dns/api/service/account/totp.go:194.3,194.23 1 1
github.com/ivpn/dns/api/service/account/totp.go:194.23,196.4 1 1
github.com/ivpn/dns/api/service/account/totp.go:197.3,197.33 1 0
github.com/ivpn/dns/api/service/account/totp.go:200.2,201.17 2 1
github.com/ivpn/dns/api/service/account/totp.go:204.97,206.56 2 1
github.com/ivpn/dns/api/service/account/totp.go:206.56,208.3 1 1
github.com/ivpn/dns/api/service/account/totp.go:210.2,210.50 1 1
github.com/ivpn/dns/api/service/account/totp.go:210.50,211.18 1 1
github.com/ivpn/dns/api/service/account/totp.go:211.18,215.9 4 1
github.com/ivpn/dns/api/service/account/totp.go:218.2,218.22 1 1
github.com/ivpn/dns/api/service/account/totp.go:218.22,221.3 2 1
github.com/ivpn/dns/api/service/account/totp.go:222.2,222.18 1 1
github.com/ivpn/dns/api/service/account/totp.go:225.50,229.2 3 1
github.com/ivpn/dns/api/service/account/verify.go:26.99,28.16 2 1
github.com/ivpn/dns/api/service/account/verify.go:28.16,30.3 1 1
github.com/ivpn/dns/api/service/account/verify.go:31.2,31.23 1 1
github.com/ivpn/dns/api/service/account/verify.go:31.23,33.3 1 1
github.com/ivpn/dns/api/service/account/verify.go:35.2,36.41 2 1
github.com/ivpn/dns/api/service/account/verify.go:36.41,38.3 1 1
github.com/ivpn/dns/api/service/account/verify.go:39.2,39.28 1 1
github.com/ivpn/dns/api/service/account/verify.go:39.28,41.3 1 1
github.com/ivpn/dns/api/service/account/verify.go:44.2,45.31 2 1
github.com/ivpn/dns/api/service/account/verify.go:45.31,46.41 1 0
github.com/ivpn/dns/api/service/account/verify.go:46.41,48.4 1 0
github.com/ivpn/dns/api/service/account/verify.go:52.2,53.50 2 1
github.com/ivpn/dns/api/service/account/verify.go:53.50,55.3 1 0
github.com/ivpn/dns/api/service/account/verify.go:57.2,60.19 3 1
github.com/ivpn/dns/api/service/account/verify.go:60.19,62.3 1 0
github.com/ivpn/dns/api/service/account/verify.go:63.2,66.70 4 1
github.com/ivpn/dns/api/service/account/verify.go:66.70,68.3 1 1
github.com/ivpn/dns/api/service/account/verify.go:70.2,70.79 1 1
github.com/ivpn/dns/api/service/account/verify.go:70.79,73.3 2 1
github.com/ivpn/dns/api/service/account/verify.go:75.2,75.12 1 1
github.com/ivpn/dns/api/service/account/verify.go:79.91,80.15 1 1
github.com/ivpn/dns/api/service/account/verify.go:80.15,82.3 1 1
github.com/ivpn/dns/api/service/account/verify.go:83.2,84.16 2 1
github.com/ivpn/dns/api/service/account/verify.go:84.16,86.3 1 1
github.com/ivpn/dns/api/service/account/verify.go:87.2,87.23 1 1
github.com/ivpn/dns/api/service/account/verify.go:87.23,89.3 1 1
github.com/ivpn/dns/api/service/account/verify.go:91.2,94.31 4 1
github.com/ivpn/dns/api/service/account/verify.go:94.31,95.41 1 1
github.com/ivpn/dns/api/service/account/verify.go:95.41,96.30 1 1
github.com/ivpn/dns/api/service/account/verify.go:96.30,97.13 1 1
github.com/ivpn/dns/api/service/account/verify.go:99.4,100.12 2 1
github.com/ivpn/dns/api/service/account/verify.go:102.3,102.29 1 0
github.com/ivpn/dns/api/service/account/verify.go:104.2,104.19 1 1
github.com/ivpn/dns/api/service/account/verify.go:104.19,106.3 1 1
github.com/ivpn/dns/api/service/account/verify.go:107.2,107.25 1 1
github.com/ivpn/dns/api/service/account/verify.go:107.25,109.44 2 1
github.com/ivpn/dns/api/service/account/verify.go:109.44,111.4 1 1
github.com/ivpn/dns/api/service/account/verify.go:112.3,112.31 1 1
github.com/ivpn/dns/api/service/account/verify.go:112.31,114.4 1 1
github.com/ivpn/dns/api/service/account/verify.go:115.3,115.25 1 1
github.com/ivpn/dns/api/service/account/verify.go:117.2,119.70 3 1
github.com/ivpn/dns/api/service/account/verify.go:119.70,120.50 1 1
github.com/ivpn/dns/api/service/account/verify.go:120.50,122.4 1 1
github.com/ivpn/dns/api/service/account/verify.go:123.3,123.13 1 1
github.com/ivpn/dns/api/service/account/verify.go:125.2,125.12 1 1
github.com/ivpn/dns/api/service/account/verify.go:129.125,131.16 2 1
github.com/ivpn/dns/api/service/account/verify.go:131.16,134.3 2 1
github.com/ivpn/dns/api/service/account/verify.go:135.2,135.24 1 1
github.com/ivpn/dns/api/service/account/verify.go:135.24,137.3 1 0
github.com/ivpn/dns/api/service/account/verify.go:138.2,138.50 1 1
github.com/ivpn/dns/api/service/account/verify.go:138.50,140.3 1 1
github.com/ivpn/dns/api/service/account/verify.go:142.2,144.35 3 1
github.com/ivpn/dns/api/service/account/verify.go:144.35,145.77 1 1
github.com/ivpn/dns/api/service/account/verify.go:145.77,146.41 1 1
github.com/ivpn/dns/api/service/account/verify.go:146.41,148.5 1 1
github.com/ivpn/dns/api/service/account/verify.go:149.4,150.12 2 1
github.com/ivpn/dns/api/service/account/verify.go:152.3,152.33 1 1
github.com/ivpn/dns/api/service/account/verify.go:154.2,154.12 1 1
github.com/ivpn/dns/api/service/account/verify.go:154.12,156.3 1 1
github.com/ivpn/dns/api/service/account/verify.go:158.2,158.53 1 1
github.com/ivpn/dns/api/service/account/verify.go:158.53,160.3 1 1
github.com/ivpn/dns/api/service/account/verify.go:161.2,163.16 3 1
github.com/ivpn/dns/api/service/account/verify.go:163.16,165.3 1 1
github.com/ivpn/dns/api/service/account/verify.go:167.2,167.12 1 1
github.com/ivpn/dns/api/service/apple/pkcs7/ber.go:19.59,23.32 2 1
github.com/ivpn/dns/api/service/apple/pkcs7/ber.go:23.32,25.17 2 1
github.com/ivpn/dns/api/service/apple/pkcs7/ber.go:25.17,27.4 1 0
github.com/ivpn/dns/api/service/apple/pkcs7/ber.go:30.2,30.49 1 1
github.com/ivpn/dns/api/service/apple/pkcs7/ber.go:30.49,32.3 1 0
github.com/ivpn/dns/api/service/apple/pkcs7/ber.go:33.2,33.55 1 1
github.com/ivpn/dns/api/service/apple/pkcs7/ber.go:33.55,35.3 1 0
github.com/ivpn/dns/api/service/apple/pkcs7/ber.go:36.2,36.52 1 1
github.com/ivpn/dns/api/service/apple/pkcs7/ber.go:36.52,38.3 1 0
github.com/ivpn/dns/api/service/apple/pkcs7/ber.go:39.2,39.12 1 1
github.com/ivpn/dns/api/service/apple/pkcs7/ber.go:48.58,50.16 2 1
github.com/ivpn/dns/api/service/apple/pkcs7/ber.go:50.16,52.3 1 0
github.com/ivpn/dns/api/service/apple/pkcs7/ber.go:53.2,53.51 1 1
github.com/ivpn/dns/api/service/apple/pkcs7/ber.go:53.51,55.3 1 0
github.com/ivpn/dns/api/service/apple/pkcs7/ber.go:58.2,58.48 1 1
github.com/ivpn/dns/api/service/apple/pkcs7/ber.go:58.48,60.3 1 0
github.com/ivpn/dns/api/service/apple/pkcs7/ber.go:62.2,62.12 1 1
github.com/ivpn/dns/api/service/apple/pkcs7/ber.go:65.42,66.19 1 1
github.com/ivpn/dns/api/service/apple/pkcs7/ber.go:66.19,68.3 1 0
github.com/ivpn/dns/api/service/apple/pkcs7/ber.go:70.2,73.16 3 1
github.com/ivpn/dns/api/service/apple/pkcs7/ber.go:73.16,75.3 1 1
github.com/ivpn/dns/api/service/apple/pkcs7/ber.go:76.2,76.42 1 1
github.com/ivpn/dns/api/service/apple/pkcs7/ber.go:76.42,78.3 1 0
github.com/ivpn/dns/api/service/apple/pkcs7/ber.go:84.2,84.25 1 1
github.com/ivpn/dns/api/service/apple/pkcs7/ber.go:88.62,91.19 2 1
github.com/ivpn/dns/api/service/apple/pkcs7/ber.go:91.19,94.17 2 1
github.com/ivpn/dns/api/service/apple/pkcs7/ber.go:94.17,96.4 1 0
github.com/ivpn/dns/api/service/apple/pkcs7/ber.go:99.2,99.12 1 1
github.com/ivpn/dns/api/service/apple/pkcs7/ber.go:103.41,105.14 2 1
github.com/ivpn/dns/api/service/apple/pkcs7/ber.go:105.14,108.3 2 1
github.com/ivpn/dns/api/service/apple/pkcs7/ber.go:109.2,109.8 1 1
github.com/ivpn/dns/api/service/apple/pkcs7/ber.go:126.62,127.19 1 1
github.com/ivpn/dns/api/service/apple/pkcs7/ber.go:127.19,130.17 3 1
github.com/ivpn/dns/api/service/apple/pkcs7/ber.go:130.17,132.4 1 0
github.com/ivpn/dns/api/service/apple/pkcs7/ber.go:133.3,134.17 2 1
github.com/ivpn/dns/api/service/apple/pkcs7/ber.go:134.17,136.4 1 0
github.com/ivpn/dns/api/service/apple/pkcs7/ber.go:137.8,139.17 2 1
github.com/ivpn/dns/api/service/apple/pkcs7/ber.go:139.17,141.4 1 0
github.com/ivpn/dns/api/service/apple/pkcs7/ber.go:143.2,143.8 1 1
github.com/ivpn/dns/api/service/apple/pkcs7/ber.go:146.66,151.24 4 1
github.com/ivpn/dns/api/service/apple/pkcs7/ber.go:151.24,152.27 1 0
github.com/ivpn/dns/api/service/apple/pkcs7/ber.go:152.27,154.4 1 0
github.com/ivpn/dns/api/service/apple/pkcs7/ber.go:155.3,155.11 1 0
github.com/ivpn/dns/api/service/apple/pkcs7/ber.go:157.2,172.9 7 1
github.com/ivpn/dns/api/service/apple/pkcs7/ber.go:173.16,175.24 2 1
github.com/ivpn/dns/api/service/apple/pkcs7/ber.go:175.24,177.4 1 1
github.com/ivpn/dns/api/service/apple/pkcs7/ber.go:178.3,178.52 1 1
github.com/ivpn/dns/api/service/apple/pkcs7/ber.go:178.52,180.4 1 1
github.com/ivpn/dns/api/service/apple/pkcs7/ber.go:181.3,181.30 1 1
github.com/ivpn/dns/api/service/apple/pkcs7/ber.go:181.30,183.4 1 1
github.com/ivpn/dns/api/service/apple/pkcs7/ber.go:186.3,186.38 1 1
github.com/ivpn/dns/api/service/apple/pkcs7/ber.go:186.38,189.4 2 1
github.com/ivpn/dns/api/service/apple/pkcs7/ber.go:190.17,191.20 1 1
github.com/ivpn/dns/api/service/apple/pkcs7/ber.go:192.10,193.18 1 1
github.com/ivpn/dns/api/service/apple/pkcs7/ber.go:197.2,198.27 2 1
github.com/ivpn/dns/api/service/apple/pkcs7/ber.go:198.27,200.3 1 1
github.com/ivpn/dns/api/service/apple/pkcs7/ber.go:204.2,205.29 2 1
github.com/ivpn/dns/api/service/apple/pkcs7/ber.go:205.29,207.3 1 0
github.com/ivpn/dns/api/service/apple/pkcs7/ber.go:208.2,208.15 1 1
github.com/ivpn/dns/api/service/apple/pkcs7/ber.go:208.15,214.3 1 1
github.com/ivpn/dns/api/service/apple/pkcs7/ber.go:214.8,216.43 2 1
github.com/ivpn/dns/api/service/apple/pkcs7/ber.go:216.43,220.18 4 1
github.com/ivpn/dns/api/service/apple/pkcs7/ber.go:220.18,222.5 1 0
github.com/ivpn/dns/api/service/apple/pkcs7/ber.go:223.4,225.18 2 1
github.com/ivpn/dns/api/service/apple/pkcs7/ber.go:225.18,227.19 2 1
github.com/ivpn/dns/api/service/apple/pkcs7/ber.go:227.19,229.6 1 1
github.com/ivpn/dns/api/service/apple/pkcs7/ber.go:231.5,231.19 1 1
github.com/ivpn/dns/api/service/apple/pkcs7/ber.go:231.19,232.11 1 1
github.com/ivpn/dns/api/service/apple/pkcs7/ber.go:236.3,239.4 1 1
github.com/ivpn/dns/api/service/apple/pkcs7/ber.go:243.2,243.16 1 1
github.com/ivpn/dns/api/service/apple/pkcs7/ber.go:243.16,245.3 1 1
github.com/ivpn/dns/api/service/apple/pkcs7/ber.go:247.2,247.29 1 1
github.com/ivpn/dns/api/service/apple/pkcs7/ber.go:250.68,251.25 1 1
github.com/ivpn/dns/api/service/apple/pkcs7/ber.go:251.25,253.3 1 1
github.com/ivpn/dns/api/service/apple/pkcs7/ber.go:255.2,255.62 1 1
github.com/ivpn/dns/api/service/apple/pkcs7/pkcs7_signed.go:86.55,88.2 1 0
github.com/ivpn/dns/api/service/apple/pkcs7/pkcs7_signed.go:101.48,102.20 1 1
github.com/ivpn/dns/api/service/apple/pkcs7/pkcs7_signed.go:102.20,104.3 1 0
github.com/ivpn/dns/api/service/apple/pkcs7/pkcs7_signed.go:105.2,107.16 3 1
github.com/ivpn/dns/api/service/apple/pkcs7/pkcs7_signed.go:107.16,109.3 1 0
github.com/ivpn/dns/api/service/apple/pkcs7/pkcs7_signed.go:110.2,111.16 2 1
github.com/ivpn/dns/api/service/apple/pkcs7/pkcs7_signed.go:111.16,113.3 1 0
github.com/ivpn/dns/api/service/apple/pkcs7/pkcs7_signed.go:114.2,114.19 1 1
github.com/ivpn/dns/api/service/apple/pkcs7/pkcs7_signed.go:114.19,116.3 1 0
github.com/ivpn/dns/api/service/apple/pkcs7/pkcs7_signed.go:118.2,118.43 1 1
github.com/ivpn/dns/api/service/apple/pkcs7/pkcs7_signed.go:118.43,120.3 1 1
github.com/ivpn/dns/api/service/apple/pkcs7/pkcs7_signed.go:121.2,121.39 1 0
github.com/ivpn/dns/api/service/apple/pkcs7/pkcs7_signed.go:124.51,126.53 2 1
github.com/ivpn/dns/api/service/apple/pkcs7/pkcs7_signed.go:126.53,128.3 1 0
github.com/ivpn/dns/api/service/apple/pkcs7/pkcs7_signed.go:129.2,130.16 2 1
github.com/ivpn/dns/api/service/apple/pkcs7/pkcs7_signed.go:130.16,132.3 1 0
github.com/ivpn/dns/api/service/apple/pkcs7/pkcs7_signed.go:134.2,135.16 2 1
github.com/ivpn/dns/api/service/apple/pkcs7/pkcs7_signed.go:135.16,137.3 1 0
github.com/ivpn/dns/api/service/apple/pkcs7/pkcs7_signed.go:139.2,142.43 3 1
github.com/ivpn/dns/api/service/apple/pkcs7/pkcs7_signed.go:142.43,143.84 1 1
github.com/ivpn/dns/api/service/apple/pkcs7/pkcs7_signed.go:143.84,145.4 1 0
github.com/ivpn/dns/api/service/apple/pkcs7/pkcs7_signed.go:147.2,147.25 1 1
github.com/ivpn/dns/api/service/apple/pkcs7/pkcs7_signed.go:147.25,148.68 1 0
github.com/ivpn/dns/api/service/apple/pkcs7/pkcs7_signed.go:148.68,150.4 1 0
github.com/ivpn/dns/api/service/apple/pkcs7/pkcs7_signed.go:151.8,153.3 1 1
github.com/ivpn/dns/api/service/apple/pkcs7/pkcs7_signed.go:155.2,161.8 1 1
github.com/ivpn/dns/api/service/apple/pkcs7/pkcs7_signed.go:164.84,165.23 1 1
github.com/ivpn/dns/api/service/apple/pkcs7/pkcs7_signed.go:165.23,167.3 1 1
github.com/ivpn/dns/api/service/apple/pkcs7/pkcs7_signed.go:169.2,170.30 2 0
github.com/ivpn/dns/api/service/apple/pkcs7/pkcs7_signed.go:170.30,172.20 2 0
github.com/ivpn/dns/api/service/apple/pkcs7/pkcs7_signed.go:172.20,174.4 1 0
github.com/ivpn/dns/api/service/apple/pkcs7/pkcs7_signed.go:175.3,175.20 1 0
github.com/ivpn/dns/api/service/apple/pkcs7/pkcs7_signed.go:175.20,176.12 1 0
github.com/ivpn/dns/api/service/apple/pkcs7/pkcs7_signed.go:178.3,179.17 2 0
github.com/ivpn/dns/api/service/apple/pkcs7/pkcs7_signed.go:179.17,181.4 1 0
github.com/ivpn/dns/api/service/apple/pkcs7/pkcs7_signed.go:182.3,182.26 1 0
github.com/ivpn/dns/api/service/apple/pkcs7/pkcs7_signed.go:184.2,184.18 1 0
github.com/ivpn/dns/api/service/apple/pkcs7/pkcs7_signed.go:187.65,188.23 1 1
github.com/ivpn/dns/api/service/apple/pkcs7/pkcs7_signed.go:188.23,190.3 1 0
github.com/ivpn/dns/api/service/apple/pkcs7/pkcs7_signed.go:192.2,193.57 2 1
github.com/ivpn/dns/api/service/apple/pkcs7/pkcs7_signed.go:193.57,195.3 1 0
github.com/ivpn/dns/api/service/apple/pkcs7/pkcs7_signed.go:197.2,197.42 1 1
github.com/ivpn/dns/api/service/apple/pkcs7/pkcs7_signed.go:202.33,203.26 1 1
github.com/ivpn/dns/api/service/apple/pkcs7/pkcs7_signed.go:203.26,205.3 1 0
github.com/ivpn/dns/api/service/apple/pkcs7/pkcs7_signed.go:206.2,206.36 1 1
github.com/ivpn/dns/api/service/apple/pkcs7/pkcs7_signed.go:206.36,207.53 1 1
github.com/ivpn/dns/api/service/apple/pkcs7/pkcs7_signed.go:207.53,209.4 1 1
github.com/ivpn/dns/api/service/apple/pkcs7/pkcs7_signed.go:211.2,211.12 1 1
github.com/ivpn/dns/api/service/apple/pkcs7/pkcs7_signed.go:214.58,217.16 3 1
github.com/ivpn/dns/api/service/apple/pkcs7/pkcs7_signed.go:217.16,219.3 1 1
github.com/ivpn/dns/api/service/apple/pkcs7/pkcs7_signed.go:220.2,220.45 1 1
github.com/ivpn/dns/api/service/apple/pkcs7/pkcs7_signed.go:220.45,222.112 2 1
github.com/ivpn/dns/api/service/apple/pkcs7/pkcs7_signed.go:222.112,224.4 1 0
github.com/ivpn/dns/api/service/apple/pkcs7/pkcs7_signed.go:225.3,228.36 4 1
github.com/ivpn/dns/api/service/apple/pkcs7/pkcs7_signed.go:228.36,230.4 1 1
github.com/ivpn/dns/api/service/apple/pkcs7/pkcs7_signed.go:231.3,233.17 3 1
github.com/ivpn/dns/api/service/apple/pkcs7/pkcs7_signed.go:233.17,235.4 1 0
github.com/ivpn/dns/api/service/apple/pkcs7/pkcs7_signed.go:238.2,239.17 2 1
github.com/ivpn/dns/api/service/apple/pkcs7/pkcs7_signed.go:239.17,241.3 1 0
github.com/ivpn/dns/api/service/apple/pkcs7/pkcs7_signed.go:243.2,244.44 2 1
github.com/ivpn/dns/api/service/apple/pkcs7/pkcs7_signed.go:244.44,245.82 1 0
github.com/ivpn/dns/api/service/apple/pkcs7/pkcs7_signed.go:245.82,247.4 1 0
github.com/ivpn/dns/api/service/apple/pkcs7/pkcs7_signed.go:249.2,249.44 1 1
github.com/ivpn/dns/api/service/apple/pkcs7/pkcs7_signed.go:249.44,251.3 1 0
github.com/ivpn/dns/api/service/apple/pkcs7/pkcs7_signed.go:252.2,252.70 1 1
github.com/ivpn/dns/api/service/apple/pkcs7/pkcs7_signed.go:255.59,259.16 2 1
github.com/ivpn/dns/api/service/apple/pkcs7/pkcs7_signed.go:259.16,261.3 1 0
github.com/ivpn/dns/api/service/apple/pkcs7/pkcs7_signed.go:263.2,264.67 2 1
github.com/ivpn/dns/api/service/apple/pkcs7/pkcs7_signed.go:264.67,266.3 1 0
github.com/ivpn/dns/api/service/apple/pkcs7/pkcs7_signed.go:267.2,267.23 1 1
github.com/ivpn/dns/api/service/apple/pkcs7/pkcs7_signed.go:270.106,271.29 1 1
github.com/ivpn/dns/api/service/apple/pkcs7/pkcs7_signed.go:271.29,272.47 1 1
github.com/ivpn/dns/api/service/apple/pkcs7/pkcs7_signed.go:272.47,274.4 1 1
github.com/ivpn/dns/api/service/apple/pkcs7/pkcs7_signed.go:276.2,276.12 1 0
github.com/ivpn/dns/api/service/apple/pkcs7/pkcs7_signed.go:279.86,280.44 1 1
github.com/ivpn/dns/api/service/apple/pkcs7/pkcs7_signed.go:280.44,282.3 1 0
github.com/ivpn/dns/api/service/apple/pkcs7/pkcs7_signed.go:283.2,283.78 1 1
github.com/ivpn/dns/api/service/apple/pkcs7/pkcs7_signed.go:283.78,285.3 1 0
github.com/ivpn/dns/api/service/apple/pkcs7/pkcs7_signed.go:287.2,288.25 2 1
github.com/ivpn/dns/api/service/apple/pkcs7/pkcs7_signed.go:288.25,290.3 1 0
github.com/ivpn/dns/api/service/apple/pkcs7/pkcs7_signed.go:291.2,291.47 1 1
github.com/ivpn/dns/api/service/apple/pkcs7/pkcs7_signed.go:294.68,295.26 1 1
github.com/ivpn/dns/api/service/apple/pkcs7/pkcs7_signed.go:295.26,297.3 1 1
github.com/ivpn/dns/api/service/apple/pkcs7/pkcs7_signed.go:298.2,298.74 1 1
github.com/ivpn/dns/api/service/apple/pkcs7/pkcs7_signed.go:301.52,302.26 1 1
github.com/ivpn/dns/api/service/apple/pkcs7/pkcs7_signed.go:302.26,304.3 1 1
github.com/ivpn/dns/api/service/apple/pkcs7/pkcs7_signed.go:305.2,306.89 2 1
github.com/ivpn/dns/api/service/apple/pkcs7/pkcs7_signed.go:309.104,310.29 1 1
github.com/ivpn/dns/api/service/apple/pkcs7/pkcs7_signed.go:310.29,311.37 1 1
github.com/ivpn/dns/api/service/apple/pkcs7/pkcs7_signed.go:311.37,314.4 2 1
github.com/ivpn/dns/api/service/apple/pkcs7/pkcs7_signed.go:316.2,316.62 1 0
github.com/ivpn/dns/api/service/apple/pkcs7/pkcs7_signed.go:319.103,321.9 2 1
github.com/ivpn/dns/api/service/apple/pkcs7/pkcs7_signed.go:321.9,323.3 1 0
github.com/ivpn/dns/api/service/apple/pkcs7/pkcs7_signed.go:324.2,324.29 1 1
github.com/ivpn/dns/api/service/apple/pkcs7/pkcs7_signed.go:324.29,326.3 1 0
github.com/ivpn/dns/api/service/apple/pkcs7/pkcs7_signed.go:327.2,328.59 2 1
github.com/ivpn/dns/api/service/apple/pkcs7/pkcs7_signed.go:346.54,348.16 2 1
github.com/ivpn/dns/api/service/apple/pkcs7/pkcs7_signed.go:348.16,350.3 1 0
github.com/ivpn/dns/api/service/apple/pkcs7/pkcs7_signed.go:351.2,364.52 7 1
github.com/ivpn/dns/api/service/apple/pkcs7/pkcs7_signed.go:372.81,375.2 2 1
github.com/ivpn/dns/api/service/apple/pkcs7/pkcs7_signed.go:384.44,384.62 1 1
github.com/ivpn/dns/api/service/apple/pkcs7/pkcs7_signed.go:385.44,385.102 1 1
github.com/ivpn/dns/api/service/apple/pkcs7/pkcs7_signed.go:386.44,386.75 1 1
github.com/ivpn/dns/api/service/apple/pkcs7/pkcs7_signed.go:388.49,390.26 2 1
github.com/ivpn/dns/api/service/apple/pkcs7/pkcs7_signed.go:390.26,392.3 1 1
github.com/ivpn/dns/api/service/apple/pkcs7/pkcs7_signed.go:393.2,393.14 1 1
github.com/ivpn/dns/api/service/apple/pkcs7/pkcs7_signed.go:396.63,398.27 2 1
github.com/ivpn/dns/api/service/apple/pkcs7/pkcs7_signed.go:398.27,402.17 4 1
github.com/ivpn/dns/api/service/apple/pkcs7/pkcs7_signed.go:402.17,404.4 1 0
github.com/ivpn/dns/api/service/apple/pkcs7/pkcs7_signed.go:405.3,410.17 3 1
github.com/ivpn/dns/api/service/apple/pkcs7/pkcs7_signed.go:410.17,412.4 1 0
github.com/ivpn/dns/api/service/apple/pkcs7/pkcs7_signed.go:413.3,413.70 1 1
github.com/ivpn/dns/api/service/apple/pkcs7/pkcs7_signed.go:415.2,416.36 2 1
github.com/ivpn/dns/api/service/apple/pkcs7/pkcs7_signed.go:419.112,424.52 5 1
github.com/ivpn/dns/api/service/apple/pkcs7/pkcs7_signed.go:424.52,426.3 1 1
github.com/ivpn/dns/api/service/apple/pkcs7/pkcs7_signed.go:427.2,428.16 2 1
github.com/ivpn/dns/api/service/apple/pkcs7/pkcs7_signed.go:428.16,430.3 1 0
github.com/ivpn/dns/api/service/apple/pkcs7/pkcs7_signed.go:431.2,432.16 2 1
github.com/ivpn/dns/api/service/apple/pkcs7/pkcs7_signed.go:432.16,434.3 1 0
github.com/ivpn/dns/api/service/apple/pkcs7/pkcs7_signed.go:436.2,437.16 2 1
github.com/ivpn/dns/api/service/apple/pkcs7/pkcs7_signed.go:437.16,439.3 1 0
github.com/ivpn/dns/api/service/apple/pkcs7/pkcs7_signed.go:441.2,442.16 2 1
github.com/ivpn/dns/api/service/apple/pkcs7/pkcs7_signed.go:442.16,444.3 1 0
github.com/ivpn/dns/api/service/apple/pkcs7/pkcs7_signed.go:446.2,456.12 4 1
github.com/ivpn/dns/api/service/apple/pkcs7/pkcs7_signed.go:459.62,459.99 1 0
github.com/ivpn/dns/api/service/apple/pkcs7/pkcs7_signed.go:461.32,461.89 1 1
github.com/ivpn/dns/api/service/apple/pkcs7/pkcs7_signed.go:463.48,466.16 3 1
github.com/ivpn/dns/api/service/apple/pkcs7/pkcs7_signed.go:466.16,468.3 1 0
github.com/ivpn/dns/api/service/apple/pkcs7/pkcs7_signed.go:469.2,473.28 2 1
github.com/ivpn/dns/api/service/apple/pkcs7/pkcs7_signed.go:476.76,481.2 1 1
github.com/ivpn/dns/api/service/apple/pkcs7/pkcs7_signed.go:483.80,485.16 2 1
github.com/ivpn/dns/api/service/apple/pkcs7/pkcs7_signed.go:485.16,487.3 1 0
github.com/ivpn/dns/api/service/apple/pkcs7/pkcs7_signed.go:488.2,492.29 4 1
github.com/ivpn/dns/api/service/apple/pkcs7/pkcs7_signed.go:493.23,494.68 1 1
github.com/ivpn/dns/api/service/apple/pkcs7/pkcs7_signed.go:495.25,496.51 1 1
github.com/ivpn/dns/api/service/apple/pkcs7/pkcs7_signed.go:497.10,498.64 1 0
github.com/ivpn/dns/api/service/apple/pkcs7/pkcs7_signed.go:502.96,503.21 1 1
github.com/ivpn/dns/api/service/apple/pkcs7/pkcs7_signed.go:504.23,505.40 1 1
github.com/ivpn/dns/api/service/apple/pkcs7/pkcs7_signed.go:506.25,507.42 1 1
github.com/ivpn/dns/api/service/apple/pkcs7/pkcs7_signed.go:508.10,509.64 1 0
github.com/ivpn/dns/api/service/apple/pkcs7/pkcs7_signed.go:513.69,515.29 2 1
github.com/ivpn/dns/api/service/apple/pkcs7/pkcs7_signed.go:515.29,517.3 1 1
github.com/ivpn/dns/api/service/apple/pkcs7/pkcs7_signed.go:518.2,519.17 2 1
github.com/ivpn/dns/api/service/apple/pkcs7/pkcs7_signed.go:522.69,525.16 3 1
github.com/ivpn/dns/api/service/apple/pkcs7/pkcs7_signed.go:525.16,527.3 1 0
github.com/ivpn/dns/api/service/apple/pkcs7/pkcs7_signed.go:528.2,528.37 1 1
github.com/ivpn/dns/api/service/apple/pkcs7/pkcs7_signed.go:531.57,533.16 2 0
github.com/ivpn/dns/api/service/apple/pkcs7/pkcs7_signed.go:533.16,535.3 1 0
github.com/ivpn/dns/api/service/apple/pkcs7/pkcs7_signed.go:536.2,543.16 4 0
github.com/ivpn/dns/api/service/apple/pkcs7/pkcs7_signed.go:543.16,545.3 1 0
github.com/ivpn/dns/api/service/apple/pkcs7/pkcs7_signed.go:546.2,550.36 2 0
github.com/ivpn/dns/api/service/apple/pkcs7/x509.go:85.87,86.45 1 1
github.com/ivpn/dns/api/service/apple/pkcs7/x509.go:86.45,87.53 1 1
github.com/ivpn/dns/api/service/apple/pkcs7/x509.go:87.53,88.39 1 1
github.com/ivpn/dns/api/service/apple/pkcs7/x509.go:88.39,90.5 1 1
github.com/ivpn/dns/api/service/apple/pkcs7/x509.go:92.3,92.40 1 0
github.com/ivpn/dns/api/service/apple/pkcs7/x509.go:98.2,99.76 2 0
github.com/ivpn/dns/api/service/apple/pkcs7/x509.go:99.76,101.3 1 0
github.com/ivpn/dns/api/service/apple/pkcs7/x509.go:103.2,104.90 2 0
github.com/ivpn/dns/api/service/apple/pkcs7/x509.go:104.90,106.3 1 0
github.com/ivpn/dns/api/service/apple/pkcs7/x509.go:115.2,119.28 1 0
github.com/ivpn/dns/api/service/apple/pkcs7/x509.go:119.28,121.3 1 0
github.com/ivpn/dns/api/service/apple/pkcs7/x509.go:123.2,123.9 1 0
github.com/ivpn/dns/api/service/apple/pkcs7/x509.go:124.73,125.31 1 0
github.com/ivpn/dns/api/service/apple/pkcs7/x509.go:126.73,127.31 1 0
github.com/ivpn/dns/api/service/apple/pkcs7/x509.go:128.73,129.31 1 0
github.com/ivpn/dns/api/service/apple/pkcs7/x509.go:132.2,132.39 1 0
github.com/ivpn/dns/api/service/apple/service.go:86.109,96.2 1 1
github.com/ivpn/dns/api/service/apple/service.go:98.48,100.2 1 1
github.com/ivpn/dns/api/service/apple/service.go:102.166,105.16 2 1
github.com/ivpn/dns/api/service/apple/service.go:105.16,108.3 2 1
github.com/ivpn/dns/api/service/apple/service.go:110.2,111.16 2 1
github.com/ivpn/dns/api/service/apple/service.go:111.16,113.3 1 0
github.com/ivpn/dns/api/service/apple/service.go:115.2,117.16 3 1
github.com/ivpn/dns/api/service/apple/service.go:117.16,119.3 1 0
github.com/ivpn/dns/api/service/apple/service.go:122.2,124.21 3 1
github.com/ivpn/dns/api/service/apple/service.go:124.21,126.36 2 1
github.com/ivpn/dns/api/service/apple/service.go:126.36,128.4 1 1
github.com/ivpn/dns/api/service/apple/service.go:130.2,130.38 1 1
github.com/ivpn/dns/api/service/apple/service.go:130.38,132.3 1 0
github.com/ivpn/dns/api/service/apple/service.go:133.2,135.40 2 1
github.com/ivpn/dns/api/service/apple/service.go:135.40,137.17 2 1
github.com/ivpn/dns/api/service/apple/service.go:137.17,139.4 1 0
github.com/ivpn/dns/api/service/apple/service.go:140.8,142.3 1 0
github.com/ivpn/dns/api/service/apple/service.go:144.2,145.13 2 1
github.com/ivpn/dns/api/service/apple/service.go:145.13,151.17 3 1
github.com/ivpn/dns/api/service/apple/service.go:151.17,153.4 1 0
github.com/ivpn/dns/api/service/apple/service.go:155.3,155.103 1 1
github.com/ivpn/dns/api/service/apple/service.go:155.103,157.4 1 0
github.com/ivpn/dns/api/service/apple/service.go:159.3,160.76 2 1
github.com/ivpn/dns/api/service/apple/service.go:162.2,162.24 1 1
github.com/ivpn/dns/api/service/apple/service.go:166.119,168.25 2 1
github.com/ivpn/dns/api/service/apple/service.go:168.25,170.3 1 0
github.com/ivpn/dns/api/service/apple/service.go:171.2,174.30 3 1
github.com/ivpn/dns/api/service/apple/service.go:174.30,176.3 1 1
github.com/ivpn/dns/api/service/apple/service.go:177.2,177.35 1 1
github.com/ivpn/dns/api/service/apple/service.go:177.35,182.3 1 0
github.com/ivpn/dns/api/service/apple/service.go:182.8,183.31 1 1
github.com/ivpn/dns/api/service/apple/service.go:183.31,185.4 1 1
github.com/ivpn/dns/api/service/apple/service.go:185.9,187.4 1 1
github.com/ivpn/dns/api/service/apple/service.go:195.3,195.37 1 1
github.com/ivpn/dns/api/service/apple/service.go:195.37,197.4 1 1
github.com/ivpn/dns/api/service/apple/service.go:204.3,204.44 1 1
github.com/ivpn/dns/api/service/apple/service.go:207.2,215.54 7 1
github.com/ivpn/dns/api/service/apple/service.go:215.54,217.3 1 1
github.com/ivpn/dns/api/service/apple/service.go:218.2,227.46 6 1
github.com/ivpn/dns/api/service/apple/service.go:227.46,229.3 1 1
github.com/ivpn/dns/api/service/apple/service.go:230.2,230.23 1 1
github.com/ivpn/dns/api/service/apple/service.go:233.70,235.16 2 1
github.com/ivpn/dns/api/service/apple/service.go:235.16,237.3 1 1
github.com/ivpn/dns/api/service/apple/service.go:238.2,239.16 2 1
github.com/ivpn/dns/api/service/apple/service.go:239.16,241.3 1 0
github.com/ivpn/dns/api/service/apple/service.go:242.2,242.21 1 1
github.com/ivpn/dns/api/service/apple/service.go:242.21,244.3 1 0
github.com/ivpn/dns/api/service/apple/service.go:245.2,248.16 3 1
github.com/ivpn/dns/api/service/apple/service.go:248.16,250.3 1 0
github.com/ivpn/dns/api/service/apple/service.go:251.2,252.16 2 1
github.com/ivpn/dns/api/service/apple/service.go:252.16,254.3 1 0
github.com/ivpn/dns/api/service/apple/service.go:257.2,258.16 2 1
github.com/ivpn/dns/api/service/apple/service.go:258.16,260.3 1 0
github.com/ivpn/dns/api/service/apple/service.go:263.2,263.87 1 1
github.com/ivpn/dns/api/service/apple/service.go:263.87,265.3 1 0
github.com/ivpn/dns/api/service/apple/service.go:269.2,269.33 1 1
github.com/ivpn/dns/api/service/apple/service.go:269.33,271.3 1 0
github.com/ivpn/dns/api/service/apple/service.go:274.2,275.16 2 1
github.com/ivpn/dns/api/service/apple/service.go:275.16,277.3 1 0
github.com/ivpn/dns/api/service/apple/service.go:278.2,278.24 1 1
github.com/ivpn/dns/api/service/apple/service.go:281.72,284.23 2 1
github.com/ivpn/dns/api/service/apple/service.go:284.23,287.19 3 1
github.com/ivpn/dns/api/service/apple/service.go:287.19,288.9 1 0
github.com/ivpn/dns/api/service/apple/service.go:290.3,290.34 1 1
github.com/ivpn/dns/api/service/apple/service.go:290.34,291.12 1 0
github.com/ivpn/dns/api/service/apple/service.go:293.3,294.17 2 1
github.com/ivpn/dns/api/service/apple/service.go:294.17,296.4 1 0
github.com/ivpn/dns/api/service/apple/service.go:297.3,297.30 1 1
github.com/ivpn/dns/api/service/apple/service.go:300.2,300.21 1 1
github.com/ivpn/dns/api/service/apple/service.go:300.21,302.3 1 0
github.com/ivpn/dns/api/service/apple/service.go:303.2,303.19 1 1
github.com/ivpn/dns/api/service/apple/service.go:306.71,307.23 1 1
github.com/ivpn/dns/api/service/apple/service.go:307.23,310.19 3 1
github.com/ivpn/dns/api/service/apple/service.go:310.19,311.9 1 0
github.com/ivpn/dns/api/service/apple/service.go:313.3,313.51 1 1
github.com/ivpn/dns/api/service/apple/service.go:313.51,314.12 1 0
github.com/ivpn/dns/api/service/apple/service.go:316.3,316.38 1 1
github.com/ivpn/dns/api/service/apple/service.go:316.38,318.4 1 0
github.com/ivpn/dns/api/service/apple/service.go:319.3,319.21 1 1
github.com/ivpn/dns/api/service/apple/service.go:320.25,322.18 2 0
github.com/ivpn/dns/api/service/apple/service.go:322.18,324.5 1 0
github.com/ivpn/dns/api/service/apple/service.go:325.4,325.19 1 0
github.com/ivpn/dns/api/service/apple/service.go:326.26,328.18 2 0
github.com/ivpn/dns/api/service/apple/service.go:328.18,330.5 1 0
github.com/ivpn/dns/api/service/apple/service.go:331.4,331.19 1 0
github.com/ivpn/dns/api/service/apple/service.go:332.22,334.18 2 1
github.com/ivpn/dns/api/service/apple/service.go:334.18,336.5 1 0
github.com/ivpn/dns/api/service/apple/service.go:337.4,337.27 1 1
github.com/ivpn/dns/api/service/apple/service.go:338.25,339.18 1 1
github.com/ivpn/dns/api/service/apple/service.go:340.27,341.18 1 1
github.com/ivpn/dns/api/service/apple/service.go:342.12,343.98 1 0
github.com/ivpn/dns/api/service/apple/service.go:345.11,346.107 1 0
github.com/ivpn/dns/api/service/apple/service.go:349.2,349.52 1 0
github.com/ivpn/dns/api/service/apple/service.go:352.37,353.9 1 0
github.com/ivpn/dns/api/service/apple/service.go:354.22,355.13 1 0
github.com/ivpn/dns/api/service/apple/service.go:356.23,357.77 1 0
github.com/ivpn/dns/api/service/apple/service.go:359.2,360.33 2 0
github.com/ivpn/dns/api/service/apple/service.go:360.33,362.15 2 0
github.com/ivpn/dns/api/service/apple/service.go:362.15,364.11 1 0
github.com/ivpn/dns/api/service/apple/service.go:365.16,366.107 1 0
github.com/ivpn/dns/api/service/apple/service.go:367.18,368.97 1 0
github.com/ivpn/dns/api/service/apple/service.go:369.24,370.91 1 0
github.com/ivpn/dns/api/service/apple/service.go:371.26,372.89 1 0
github.com/ivpn/dns/api/service/apple/service.go:374.4,375.12 2 0
github.com/ivpn/dns/api/service/apple/service.go:378.3,378.87 1 0
github.com/ivpn/dns/api/service/apple/service.go:378.87,381.27 2 0
github.com/ivpn/dns/api/service/apple/service.go:381.27,383.5 1 0
github.com/ivpn/dns/api/service/apple/service.go:384.4,384.77 1 0
github.com/ivpn/dns/api/service/apple/service.go:388.2,388.9 1 0
github.com/ivpn/dns/api/service/apple/service.go:389.22,390.91 1 0
github.com/ivpn/dns/api/service/apple/service.go:391.24,392.113 1 0
github.com/ivpn/dns/api/service/apple/service.go:393.22,394.100 1 0
github.com/ivpn/dns/api/service/apple/service.go:395.32,396.99 1 0
github.com/ivpn/dns/api/service/apple/service.go:397.40,398.100 1 0
github.com/ivpn/dns/api/service/apple/service.go:400.2,400.12 1 0
github.com/ivpn/dns/api/service/apple/service.go:404.98,406.25 1 1
github.com/ivpn/dns/api/service/apple/service.go:406.25,408.3 1 1
github.com/ivpn/dns/api/service/apple/service.go:410.2,410.45 1 1
github.com/ivpn/dns/api/service/apple/service.go:410.45,412.3 1 1
github.com/ivpn/dns/api/service/apple/service.go:415.2,415.35 1 1
github.com/ivpn/dns/api/service/apple/service.go:415.35,418.25 2 1
github.com/ivpn/dns/api/service/apple/service.go:418.25,420.4 1 1
github.com/ivpn/dns/api/service/apple/service.go:421.3,421.19 1 1
github.com/ivpn/dns/api/service/apple/service.go:425.2,425.30 1 1
github.com/ivpn/dns/api/service/apple/service.go:425.30,426.29 1 1
github.com/ivpn/dns/api/service/apple/service.go:427.23,428.9 1 1
github.com/ivpn/dns/api/service/apple/service.go:429.11,430.77 1 1
github.com/ivpn/dns/api/service/apple/service.go:472.2,472.36 1 1
github.com/ivpn/dns/api/service/apple/service.go:472.36,474.39 2 1
github.com/ivpn/dns/api/service/apple/service.go:474.39,478.4 2 1
github.com/ivpn/dns/api/service/apple/service.go:480.3,481.36 2 1
github.com/ivpn/dns/api/service/apple/service.go:481.36,483.21 2 1
github.com/ivpn/dns/api/service/apple/service.go:483.21,484.13 1 0
github.com/ivpn/dns/api/service/apple/service.go:487.4,487.39 1 1
github.com/ivpn/dns/api/service/apple/service.go:487.39,490.13 2 1
github.com/ivpn/dns/api/service/apple/service.go:494.4,495.50 2 1
github.com/ivpn/dns/api/service/apple/service.go:498.3,498.62 1 1
github.com/ivpn/dns/api/service/apple/service.go:502.2,503.24 2 1
github.com/ivpn/dns/api/service/apple/service.go:503.24,505.3 1 1
github.com/ivpn/dns/api/service/apple/service.go:507.2,507.18 1 1
github.com/ivpn/dns/api/service/apple/service.go:511.33,518.2 6 1
github.com/ivpn/dns/api/service/profile/blocklists.go:8.122,11.16 2 0
github.com/ivpn/dns/api/service/profile/blocklists.go:11.16,13.3 1 0
github.com/ivpn/dns/api/service/profile/blocklists.go:15.2,15.28 1 0
github.com/ivpn/dns/api/service/profile/blocklists.go:15.28,17.3 1 0
github.com/ivpn/dns/api/service/profile/blocklists.go:19.2,19.43 1 0
github.com/ivpn/dns/api/service/profile/blocklists.go:19.43,23.17 3 0
github.com/ivpn/dns/api/service/profile/blocklists.go:23.17,25.4 1 0
github.com/ivpn/dns/api/service/profile/blocklists.go:26.3,26.27 1 0
github.com/ivpn/dns/api/service/profile/blocklists.go:26.27,28.4 1 0
github.com/ivpn/dns/api/service/profile/blocklists.go:29.3,29.72 1 0
github.com/ivpn/dns/api/service/profile/blocklists.go:29.72,31.4 1 0
github.com/ivpn/dns/api/service/profile/blocklists.go:35.2,35.91 1 0
github.com/ivpn/dns/api/service/profile/blocklists.go:35.91,37.3 1 0
github.com/ivpn/dns/api/service/profile/blocklists.go:39.2,39.98 1 0
github.com/ivpn/dns/api/service/profile/blocklists.go:39.98,41.3 1 0
github.com/ivpn/dns/api/service/profile/blocklists.go:43.2,43.12 1 0
github.com/ivpn/dns/api/service/profile/blocklists.go:46.123,49.16 2 0
github.com/ivpn/dns/api/service/profile/blocklists.go:49.16,51.3 1 0
github.com/ivpn/dns/api/service/profile/blocklists.go:53.2,53.28 1 0
github.com/ivpn/dns/api/service/profile/blocklists.go:53.28,55.3 1 0
github.com/ivpn/dns/api/service/profile/blocklists.go:57.2,57.43 1 0
github.com/ivpn/dns/api/service/profile/blocklists.go:57.43,61.17 3 0
github.com/ivpn/dns/api/service/profile/blocklists.go:61.17,63.4 1 0
github.com/ivpn/dns/api/service/profile/blocklists.go:64.3,64.27 1 0
github.com/ivpn/dns/api/service/profile/blocklists.go:64.27,66.4 1 0
github.com/ivpn/dns/api/service/profile/blocklists.go:70.2,70.92 1 0
github.com/ivpn/dns/api/service/profile/blocklists.go:70.92,72.3 1 0
github.com/ivpn/dns/api/service/profile/blocklists.go:75.2,75.100 1 0
github.com/ivpn/dns/api/service/profile/blocklists.go:75.100,77.3 1 0
github.com/ivpn/dns/api/service/profile/blocklists.go:79.2,79.12 1 0
github.com/ivpn/dns/api/service/profile/custom_rules.go:42.121,44.16 2 0
github.com/ivpn/dns/api/service/profile/custom_rules.go:44.16,46.3 1 0
github.com/ivpn/dns/api/service/profile/custom_rules.go:48.2,48.57 1 0
github.com/ivpn/dns/api/service/profile/custom_rules.go:48.57,49.35 1 0
github.com/ivpn/dns/api/service/profile/custom_rules.go:50.50,51.37 1 0
github.com/ivpn/dns/api/service/profile/custom_rules.go:52.46,53.43 1 0
github.com/ivpn/dns/api/service/profile/custom_rules.go:57.2,57.12 1 0
github.com/ivpn/dns/api/service/profile/custom_rules.go:62.154,64.16 2 1
github.com/ivpn/dns/api/service/profile/custom_rules.go:64.16,66.3 1 0
github.com/ivpn/dns/api/service/profile/custom_rules.go:68.2,69.16 2 1
github.com/ivpn/dns/api/service/profile/custom_rules.go:69.16,71.3 1 0
github.com/ivpn/dns/api/service/profile/custom_rules.go:73.2,80.22 2 1
github.com/ivpn/dns/api/service/profile/custom_rules.go:80.22,82.3 1 0
github.com/ivpn/dns/api/service/profile/custom_rules.go:84.2,85.52 2 1
github.com/ivpn/dns/api/service/profile/custom_rules.go:85.52,87.3 1 0
github.com/ivpn/dns/api/service/profile/custom_rules.go:89.2,92.34 3 1
github.com/ivpn/dns/api/service/profile/custom_rules.go:92.34,94.20 2 1
github.com/ivpn/dns/api/service/profile/custom_rules.go:94.20,100.12 2 0
github.com/ivpn/dns/api/service/profile/custom_rules.go:103.3,105.41 2 1
github.com/ivpn/dns/api/service/profile/custom_rules.go:105.41,107.4 1 1
github.com/ivpn/dns/api/service/profile/custom_rules.go:110.3,110.56 1 1
github.com/ivpn/dns/api/service/profile/custom_rules.go:110.56,112.4 1 1
github.com/ivpn/dns/api/service/profile/custom_rules.go:122.3,122.96 1 1
github.com/ivpn/dns/api/service/profile/custom_rules.go:122.96,124.36 1 1
github.com/ivpn/dns/api/service/profile/custom_rules.go:124.36,125.53 1 1
github.com/ivpn/dns/api/service/profile/custom_rules.go:125.53,127.6 1 1
github.com/ivpn/dns/api/service/profile/custom_rules.go:131.3,131.51 1 1
github.com/ivpn/dns/api/service/profile/custom_rules.go:131.51,137.12 2 0
github.com/ivpn/dns/api/service/profile/custom_rules.go:140.3,143.17 3 1
github.com/ivpn/dns/api/service/profile/custom_rules.go:143.17,149.12 2 1
github.com/ivpn/dns/api/service/profile/custom_rules.go:152.3,152.54 1 1
github.com/ivpn/dns/api/service/profile/custom_rules.go:152.54,158.12 2 0
github.com/ivpn/dns/api/service/profile/custom_rules.go:161.3,169.42 3 1
github.com/ivpn/dns/api/service/profile/custom_rules.go:172.2,172.23 1 1
github.com/ivpn/dns/api/service/profile/custom_rules.go:172.23,173.89 1 1
github.com/ivpn/dns/api/service/profile/custom_rules.go:173.89,175.4 1 0
github.com/ivpn/dns/api/service/profile/custom_rules.go:177.3,177.33 1 1
github.com/ivpn/dns/api/service/profile/custom_rules.go:177.33,178.70 1 1
github.com/ivpn/dns/api/service/profile/custom_rules.go:178.70,180.5 1 0
github.com/ivpn/dns/api/service/profile/custom_rules.go:183.3,183.55 1 1
github.com/ivpn/dns/api/service/profile/custom_rules.go:186.2,186.20 1 1
github.com/ivpn/dns/api/service/profile/custom_rules.go:189.48,191.19 2 1
github.com/ivpn/dns/api/service/profile/custom_rules.go:191.19,193.3 1 0
github.com/ivpn/dns/api/service/profile/custom_rules.go:195.2,196.36 2 1
github.com/ivpn/dns/api/service/profile/custom_rules.go:196.36,198.3 1 1
github.com/ivpn/dns/api/service/profile/custom_rules.go:199.2,199.19 1 1
github.com/ivpn/dns/api/service/profile/custom_rules.go:199.19,201.3 1 0
github.com/ivpn/dns/api/service/profile/custom_rules.go:203.2,204.31 2 1
github.com/ivpn/dns/api/service/profile/custom_rules.go:204.31,206.3 1 1
github.com/ivpn/dns/api/service/profile/custom_rules.go:207.2,207.45 1 1
github.com/ivpn/dns/api/service/profile/custom_rules.go:211.113,213.16 2 0
github.com/ivpn/dns/api/service/profile/custom_rules.go:213.16,215.3 1 0
github.com/ivpn/dns/api/service/profile/custom_rules.go:216.2,217.58 2 0
github.com/ivpn/dns/api/service/profile/custom_rules.go:217.58,218.42 1 0
github.com/ivpn/dns/api/service/profile/custom_rules.go:218.42,220.9 2 0
github.com/ivpn/dns/api/service/profile/custom_rules.go:223.2,223.12 1 0
github.com/ivpn/dns/api/service/profile/custom_rules.go:223.12,225.3 1 0
github.com/ivpn/dns/api/service/profile/custom_rules.go:227.2,227.101 1 0
github.com/ivpn/dns/api/service/profile/custom_rules.go:227.101,229.3 1 0
github.com/ivpn/dns/api/service/profile/custom_rules.go:232.2,232.78 1 0
github.com/ivpn/dns/api/service/profile/custom_rules.go:232.78,234.3 1 0
github.com/ivpn/dns/api/service/profile/custom_rules.go:235.2,235.12 1 0
github.com/ivpn/dns/api/service/profile/service.go:44.339,56.2 1 1
github.com/ivpn/dns/api/service/profile/service.go:59.109,60.16 1 1
github.com/ivpn/dns/api/service/profile/service.go:60.16,62.3 1 1
github.com/ivpn/dns/api/service/profile/service.go:63.2,64.16 2 1
github.com/ivpn/dns/api/service/profile/service.go:64.16,66.3 1 1
github.com/ivpn/dns/api/service/profile/service.go:69.2,70.16 2 1
github.com/ivpn/dns/api/service/profile/service.go:70.16,72.3 1 0
github.com/ivpn/dns/api/service/profile/service.go:73.2,76.16 3 1
github.com/ivpn/dns/api/service/profile/service.go:76.16,78.3 1 1
github.com/ivpn/dns/api/service/profile/service.go:81.2,81.50 1 1
github.com/ivpn/dns/api/service/profile/service.go:81.50,83.3 1 1
github.com/ivpn/dns/api/service/profile/service.go:85.2,85.35 1 1
github.com/ivpn/dns/api/service/profile/service.go:85.35,87.27 2 1
github.com/ivpn/dns/api/service/profile/service.go:87.27,89.4 1 1
github.com/ivpn/dns/api/service/profile/service.go:93.2,93.72 1 1
github.com/ivpn/dns/api/service/profile/service.go:93.72,95.3 1 1
github.com/ivpn/dns/api/service/profile/service.go:97.2,97.21 1 1
github.com/ivpn/dns/api/service/profile/service.go:101.102,103.16 2 1
github.com/ivpn/dns/api/service/profile/service.go:103.16,105.3 1 1
github.com/ivpn/dns/api/service/profile/service.go:107.2,107.22 1 1
github.com/ivpn/dns/api/service/profile/service.go:111.111,113.16 2 1
github.com/ivpn/dns/api/service/profile/service.go:113.16,115.3 1 1
github.com/ivpn/dns/api/service/profile/service.go:117.2,117.21 1 1
github.com/ivpn/dns/api/service/profile/service.go:121.113,123.16 2 1
github.com/ivpn/dns/api/service/profile/service.go:123.16,125.3 1 1
github.com/ivpn/dns/api/service/profile/service.go:127.2,127.17 1 1
github.com/ivpn/dns/api/service/profile/service.go:127.17,129.17 2 1
github.com/ivpn/dns/api/service/profile/service.go:129.17,131.4 1 0
github.com/ivpn/dns/api/service/profile/service.go:132.3,132.25 1 1
github.com/ivpn/dns/api/service/profile/service.go:132.25,134.4 1 1
github.com/ivpn/dns/api/service/profile/service.go:137.2,139.27 2 1
github.com/ivpn/dns/api/service/profile/service.go:139.27,142.3 1 1
github.com/ivpn/dns/api/service/profile/service.go:144.2,144.27 1 1
github.com/ivpn/dns/api/service/profile/service.go:144.27,147.3 1 1
github.com/ivpn/dns/api/service/profile/service.go:149.2,149.27 1 1
github.com/ivpn/dns/api/service/profile/service.go:149.27,152.3 1 1
github.com/ivpn/dns/api/service/profile/service.go:154.2,154.34 1 1
github.com/ivpn/dns/api/service/profile/service.go:154.34,157.3 2 0
github.com/ivpn/dns/api/service/profile/service.go:159.2,159.12 1 1
github.com/ivpn/dns/api/service/profile/service.go:163.183,165.16 2 1
github.com/ivpn/dns/api/service/profile/service.go:165.16,167.3 1 1
github.com/ivpn/dns/api/service/profile/service.go:169.2,170.47 2 1
github.com/ivpn/dns/api/service/profile/service.go:170.47,172.3 1 0
github.com/ivpn/dns/api/service/profile/service.go:172.8,172.33 1 1
github.com/ivpn/dns/api/service/profile/service.go:172.33,174.3 1 1
github.com/ivpn/dns/api/service/profile/service.go:176.2,176.153 1 1
github.com/ivpn/dns/api/service/profile/service.go:180.144,182.16 2 1
github.com/ivpn/dns/api/service/profile/service.go:182.16,184.3 1 1
github.com/ivpn/dns/api/service/profile/service.go:186.2,186.114 1 1
github.com/ivpn/dns/api/service/profile/service.go:190.138,192.16 2 1
github.com/ivpn/dns/api/service/profile/service.go:192.16,194.3 1 1
github.com/ivpn/dns/api/service/profile/service.go:196.2,196.75 1 1
github.com/ivpn/dns/api/service/profile/service.go:200.129,202.16 2 1
github.com/ivpn/dns/api/service/profile/service.go:202.16,203.50 1 1
github.com/ivpn/dns/api/service/profile/service.go:203.50,205.4 1 0
github.com/ivpn/dns/api/service/profile/service.go:206.3,206.18 1 1
github.com/ivpn/dns/api/service/profile/service.go:209.2,209.36 1 1
github.com/ivpn/dns/api/service/profile/service.go:209.36,211.3 1 1
github.com/ivpn/dns/api/service/profile/service.go:212.2,212.21 1 1
github.com/ivpn/dns/api/service/profile/service.go:216.105,218.16 2 1
github.com/ivpn/dns/api/service/profile/service.go:218.16,220.3 1 1
github.com/ivpn/dns/api/service/profile/service.go:222.2,222.66 1 1
github.com/ivpn/dns/api/service/profile/service.go:226.145,228.16 2 1
github.com/ivpn/dns/api/service/profile/service.go:228.16,230.3 1 1
github.com/ivpn/dns/api/service/profile/service.go:232.2,232.33 1 1
github.com/ivpn/dns/api/service/profile/service.go:232.33,235.17 2 1
github.com/ivpn/dns/api/service/profile/service.go:235.17,237.4 1 1
github.com/ivpn/dns/api/service/profile/service.go:237.9,239.4 1 1
github.com/ivpn/dns/api/service/profile/service.go:241.3,241.55 1 1
github.com/ivpn/dns/api/service/profile/service.go:241.55,243.18 2 1
github.com/ivpn/dns/api/service/profile/service.go:243.18,245.5 1 1
github.com/ivpn/dns/api/service/profile/service.go:248.3,248.61 1 1
github.com/ivpn/dns/api/service/profile/service.go:248.61,250.18 2 1
github.com/ivpn/dns/api/service/profile/service.go:250.18,252.5 1 1
github.com/ivpn/dns/api/service/profile/service.go:255.3,255.66 1 1
github.com/ivpn/dns/api/service/profile/service.go:255.66,256.84 1 1
github.com/ivpn/dns/api/service/profile/service.go:256.84,258.5 1 1
github.com/ivpn/dns/api/service/profile/service.go:261.3,261.59 1 1
github.com/ivpn/dns/api/service/profile/service.go:261.59,262.86 1 1
github.com/ivpn/dns/api/service/profile/service.go:262.86,264.5 1 1
github.com/ivpn/dns/api/service/profile/service.go:267.3,267.22 1 1
github.com/ivpn/dns/api/service/profile/service.go:268.16,270.18 2 1
github.com/ivpn/dns/api/service/profile/service.go:270.18,272.5 1 1
github.com/ivpn/dns/api/service/profile/service.go:273.41,275.18 2 1
github.com/ivpn/dns/api/service/profile/service.go:275.18,277.5 1 1
github.com/ivpn/dns/api/service/profile/service.go:279.4,279.72 1 1
github.com/ivpn/dns/api/service/profile/service.go:279.72,282.59 2 1
github.com/ivpn/dns/api/service/profile/service.go:282.59,284.6 1 0
github.com/ivpn/dns/api/service/profile/service.go:285.5,285.58 1 1
github.com/ivpn/dns/api/service/profile/service.go:285.58,287.52 1 1
github.com/ivpn/dns/api/service/profile/service.go:287.52,293.7 1 1
github.com/ivpn/dns/api/service/profile/service.go:296.55,298.18 2 1
github.com/ivpn/dns/api/service/profile/service.go:298.18,300.5 1 1
github.com/ivpn/dns/api/service/profile/service.go:301.57,303.18 2 0
github.com/ivpn/dns/api/service/profile/service.go:303.18,305.5 1 0
github.com/ivpn/dns/api/service/profile/service.go:309.2,309.76 1 1
github.com/ivpn/dns/api/service/profile/service.go:309.76,311.3 1 1
github.com/ivpn/dns/api/service/profile/service.go:313.2,313.91 1 1
github.com/ivpn/dns/api/service/profile/service.go:313.91,315.3 1 1
github.com/ivpn/dns/api/service/profile/service.go:316.2,316.21 1 1
github.com/ivpn/dns/api/service/profile/service.go:319.133,320.20 1 1
github.com/ivpn/dns/api/service/profile/service.go:321.32,322.51 1 1
github.com/ivpn/dns/api/service/profile/service.go:323.40,324.57 1 1
github.com/ivpn/dns/api/service/profile/service.go:325.36,326.54 1 1
github.com/ivpn/dns/api/service/profile/service.go:327.34,328.53 1 1
github.com/ivpn/dns/api/service/profile/service.go:331.2,331.12 1 0
github.com/ivpn/dns/api/service/profile/service.go:334.134,335.20 1 1
github.com/ivpn/dns/api/service/profile/service.go:336.38,337.52 1 1
github.com/ivpn/dns/api/service/profile/service.go:340.2,340.12 1 0
github.com/ivpn/dns/api/service/profile/service.go:343.108,344.26 1 1
github.com/ivpn/dns/api/service/profile/service.go:345.36,347.17 2 1
github.com/ivpn/dns/api/service/profile/service.go:347.17,349.4 1 1
github.com/ivpn/dns/api/service/profile/service.go:350.3,350.48 1 1
github.com/ivpn/dns/api/service/profile/service.go:352.2,352.12 1 1
github.com/ivpn/dns/api/service/profile/service.go:355.107,356.26 1 1
github.com/ivpn/dns/api/service/profile/service.go:357.36,359.17 2 1
github.com/ivpn/dns/api/service/profile/service.go:359.17,361.4 1 1
github.com/ivpn/dns/api/service/profile/service.go:362.3,362.42 1 1
github.com/ivpn/dns/api/service/profile/service.go:364.2,364.12 1 1
github.com/ivpn/dns/api/service/profile/service.go:367.113,368.26 1 1
github.com/ivpn/dns/api/service/profile/service.go:369.36,371.17 2 1
github.com/ivpn/dns/api/service/profile/service.go:371.17,373.4 1 1
github.com/ivpn/dns/api/service/profile/service.go:374.3,374.54 1 1
github.com/ivpn/dns/api/service/profile/service.go:377.2,377.12 1 1
github.com/ivpn/dns/api/service/profile/service.go:380.110,381.26 1 1
github.com/ivpn/dns/api/service/profile/service.go:382.36,384.17 2 1
github.com/ivpn/dns/api/service/profile/service.go:384.17,386.4 1 1
github.com/ivpn/dns/api/service/profile/service.go:387.3,387.48 1 1
github.com/ivpn/dns/api/service/profile/service.go:390.2,390.12 1 1
github.com/ivpn/dns/api/service/profile/service.go:393.109,394.26 1 1
github.com/ivpn/dns/api/service/profile/service.go:395.36,397.17 2 1
github.com/ivpn/dns/api/service/profile/service.go:397.17,399.4 1 0
github.com/ivpn/dns/api/service/profile/service.go:400.3,401.17 2 1
github.com/ivpn/dns/api/service/profile/service.go:401.17,403.4 1 1
github.com/ivpn/dns/api/service/profile/service.go:404.3,404.40 1 1
github.com/ivpn/dns/api/service/profile/service.go:407.2,407.12 1 1
github.com/ivpn/dns/api/service/profile/service.go:410.147,411.26 1 1
github.com/ivpn/dns/api/service/profile/service.go:412.36,414.17 2 1
github.com/ivpn/dns/api/service/profile/service.go:414.17,416.4 1 0
github.com/ivpn/dns/api/service/profile/service.go:417.3,418.17 2 1
github.com/ivpn/dns/api/service/profile/service.go:418.17,420.4 1 0
github.com/ivpn/dns/api/service/profile/service.go:421.3,421.36 1 1
github.com/ivpn/dns/api/service/profile/service.go:421.36,423.31 2 1
github.com/ivpn/dns/api/service/profile/service.go:423.31,425.5 1 1
github.com/ivpn/dns/api/service/profile/service.go:428.3,431.17 2 1
github.com/ivpn/dns/api/service/profile/service.go:431.17,434.4 2 1
github.com/ivpn/dns/api/service/profile/service.go:436.3,436.25 1 1
github.com/ivpn/dns/api/service/profile/service.go:438.2,438.12 1 1
github.com/ivpn/dns/api/service/profile/service.go:441.121,442.26 1 1
github.com/ivpn/dns/api/service/profile/service.go:443.36,445.17 2 1
github.com/ivpn/dns/api/service/profile/service.go:445.17,447.4 1 0
github.com/ivpn/dns/api/service/profile/service.go:448.3,450.17 3 1
github.com/ivpn/dns/api/service/profile/service.go:450.17,453.4 2 1
github.com/ivpn/dns/api/service/profile/service.go:455.2,455.12 1 1
github.com/ivpn/dns/api/service/profile/service.go:458.122,459.26 1 0
github.com/ivpn/dns/api/service/profile/service.go:460.36,462.17 2 0
github.com/ivpn/dns/api/service/profile/service.go:462.17,464.4 1 0
github.com/ivpn/dns/api/service/profile/service.go:465.3,467.17 3 0
github.com/ivpn/dns/api/service/profile/service.go:467.17,470.4 2 0
github.com/ivpn/dns/api/service/profile/service.go:472.2,472.12 1 0
github.com/ivpn/dns/api/service/profile/service.go:475.108,476.26 1 1
github.com/ivpn/dns/api/service/profile/service.go:477.36,479.17 2 1
github.com/ivpn/dns/api/service/profile/service.go:479.17,481.4 1 0
github.com/ivpn/dns/api/service/profile/service.go:483.3,485.17 3 1
github.com/ivpn/dns/api/service/profile/service.go:485.17,488.4 2 1
github.com/ivpn/dns/api/service/profile/service.go:490.2,490.12 1 1
github.com/ivpn/dns/api/service/profile/service.go:493.130,494.20 1 1
github.com/ivpn/dns/api/service/profile/service.go:495.43,496.48 1 1
github.com/ivpn/dns/api/service/profile/service.go:497.47,498.46 1 1
github.com/ivpn/dns/api/service/profile/service.go:501.2,501.12 1 0
github.com/ivpn/dns/api/service/profile/service.go:504.132,505.20 1 1
github.com/ivpn/dns/api/service/profile/service.go:506.37,507.43 1 1
github.com/ivpn/dns/api/service/profile/service.go:510.2,510.12 1 0
github.com/ivpn/dns/api/service/profile/service.go:513.99,514.26 1 1
github.com/ivpn/dns/api/service/profile/service.go:515.36,517.17 2 1
github.com/ivpn/dns/api/service/profile/service.go:517.17,519.4 1 0
github.com/ivpn/dns/api/service/profile/service.go:520.3,520.50 1 1
github.com/ivpn/dns/api/service/profile/service.go:520.50,522.4 1 1
github.com/ivpn/dns/api/service/profile/service.go:523.3,523.48 1 1
github.com/ivpn/dns/api/service/profile/service.go:525.2,525.12 1 1
github.com/ivpn/dns/api/service/profile/service.go:528.110,530.26 2 1
github.com/ivpn/dns/api/service/profile/service.go:531.36,533.17 2 1
github.com/ivpn/dns/api/service/profile/service.go:533.17,535.4 1 1
github.com/ivpn/dns/api/service/profile/service.go:536.3,536.61 1 1
github.com/ivpn/dns/api/service/profile/service.go:539.2,539.12 1 1
github.com/ivpn/dns/api/service/profile/service.go:542.102,543.26 1 1
github.com/ivpn/dns/api/service/profile/service.go:544.36,546.17 2 1
github.com/ivpn/dns/api/service/profile/service.go:546.17,548.4 1 1
github.com/ivpn/dns/api/service/profile/service.go:549.3,549.60 1 1
github.com/ivpn/dns/api/service/profile/service.go:551.2,551.12 1 1
github.com/ivpn/dns/api/service/profile/services.go:9.118,11.16 2 0
github.com/ivpn/dns/api/service/profile/services.go:11.16,13.3 1 0
github.com/ivpn/dns/api/service/profile/services.go:14.2,14.26 1 0
github.com/ivpn/dns/api/service/profile/services.go:14.26,16.3 1 0
github.com/ivpn/dns/api/service/profile/services.go:17.2,18.64 2 0
github.com/ivpn/dns/api/service/profile/services.go:18.64,20.3 1 0
github.com/ivpn/dns/api/service/profile/services.go:22.2,22.32 1 0
github.com/ivpn/dns/api/service/profile/services.go:22.32,23.15 1 0
github.com/ivpn/dns/api/service/profile/services.go:23.15,25.4 1 0
github.com/ivpn/dns/api/service/profile/services.go:26.3,26.35 1 0
github.com/ivpn/dns/api/service/profile/services.go:26.35,28.4 1 0
github.com/ivpn/dns/api/service/profile/services.go:31.2,31.87 1 0
github.com/ivpn/dns/api/service/profile/services.go:31.87,33.3 1 0
github.com/ivpn/dns/api/service/profile/services.go:34.2,34.102 1 0
github.com/ivpn/dns/api/service/profile/services.go:34.102,36.3 1 0
github.com/ivpn/dns/api/service/profile/services.go:37.2,37.12 1 0
github.com/ivpn/dns/api/service/profile/services.go:41.119,43.16 2 0
github.com/ivpn/dns/api/service/profile/services.go:43.16,45.3 1 0
github.com/ivpn/dns/api/service/profile/services.go:46.2,46.26 1 0
github.com/ivpn/dns/api/service/profile/services.go:46.26,48.3 1 0
github.com/ivpn/dns/api/service/profile/services.go:50.2,50.32 1 0
github.com/ivpn/dns/api/service/profile/services.go:50.32,51.15 1 0
github.com/ivpn/dns/api/service/profile/services.go:51.15,53.4 1 0
github.com/ivpn/dns/api/service/profile/services.go:56.2,56.88 1 0
github.com/ivpn/dns/api/service/profile/services.go:56.88,58.3 1 0
github.com/ivpn/dns/api/service/profile/services.go:59.2,59.104 1 0
github.com/ivpn/dns/api/service/profile/services.go:59.104,61.3 1 0
github.com/ivpn/dns/api/service/profile/services.go:62.2,62.12 1 0
github.com/ivpn/dns/api/service/profile/settings.go:10.112,14.16 3 1
github.com/ivpn/dns/api/service/profile/settings.go:14.16,16.3 1 0
github.com/ivpn/dns/api/service/profile/settings.go:19.2,21.46 3 1
github.com/ivpn/dns/api/service/profile/settings.go:21.46,23.3 1 1
github.com/ivpn/dns/api/service/profile/settings.go:25.2,25.83 1 1
github.com/ivpn/dns/api/service/profile/settings.go:25.83,27.3 1 0
github.com/ivpn/dns/api/service/profile/settings.go:29.2,29.22 1 1
github.com/ivpn/dns/api/internal/utils/gen.go:26.53,30.66 3 1
github.com/ivpn/dns/api/internal/utils/gen.go:30.66,31.18 1 1
github.com/ivpn/dns/api/internal/utils/gen.go:31.18,33.4 1 1
github.com/ivpn/dns/api/internal/utils/gen.go:34.3,34.64 1 1
github.com/ivpn/dns/api/internal/utils/gen.go:34.64,37.4 2 1
github.com/ivpn/dns/api/internal/utils/gen.go:38.3,39.11 2 1
github.com/ivpn/dns/api/internal/utils/gen.go:42.2,42.20 1 1
github.com/ivpn/dns/api/internal/utils/id_limiter.go:24.34,27.16 3 1
github.com/ivpn/dns/api/internal/utils/id_limiter.go:27.16,30.3 2 1
github.com/ivpn/dns/api/internal/utils/id_limiter.go:31.2,31.12 1 1
github.com/ivpn/dns/api/internal/utils/id_limiter.go:34.38,36.16 2 1
github.com/ivpn/dns/api/internal/utils/id_limiter.go:36.16,38.3 1 1
github.com/ivpn/dns/api/internal/utils/id_limiter.go:39.2,40.16 2 1
github.com/ivpn/dns/api/internal/utils/id_limiter.go:40.16,42.3 1 1
github.com/ivpn/dns/api/internal/utils/id_limiter.go:43.2,43.31 1 1
github.com/ivpn/dns/api/internal/utils/id_limiter.go:43.31,45.3 1 1
github.com/ivpn/dns/api/internal/utils/id_limiter.go:47.2,47.13 1 1
github.com/ivpn/dns/api/service/query_logs/service.go:20.79,24.2 1 1
github.com/ivpn/dns/api/service/query_logs/service.go:26.208,28.16 2 1
github.com/ivpn/dns/api/service/query_logs/service.go:28.16,30.3 1 1
github.com/ivpn/dns/api/service/query_logs/service.go:32.2,33.16 2 1
github.com/ivpn/dns/api/service/query_logs/service.go:33.16,35.3 1 0
github.com/ivpn/dns/api/service/query_logs/service.go:36.2,36.18 1 1
github.com/ivpn/dns/api/service/query_logs/service.go:39.162,41.16 2 1
github.com/ivpn/dns/api/service/query_logs/service.go:41.16,43.3 1 0
github.com/ivpn/dns/api/service/query_logs/service.go:44.2,44.18 1 1
github.com/ivpn/dns/api/service/query_logs/service.go:47.96,49.2 1 1
github.com/ivpn/dns/api/service/subscription/service.go:24.133,30.2 1 1
github.com/ivpn/dns/api/service/subscription/service.go:33.115,35.16 2 0
github.com/ivpn/dns/api/service/subscription/service.go:35.16,36.55 1 0
github.com/ivpn/dns/api/service/subscription/service.go:36.55,38.4 1 0
github.com/ivpn/dns/api/service/subscription/service.go:39.3,39.18 1 0
github.com/ivpn/dns/api/service/subscription/service.go:42.2,42.26 1 0
github.com/ivpn/dns/api/service/subscription/service.go:46.154,48.16 2 0
github.com/ivpn/dns/api/service/subscription/service.go:48.16,50.3 1 0
github.com/ivpn/dns/api/service/subscription/service.go:52.2,53.26 2 0
github.com/ivpn/dns/api/service/subscription/service.go:57.124,60.16 2 1
github.com/ivpn/dns/api/service/subscription/service.go:60.16,62.3 1 1
github.com/ivpn/dns/api/service/subscription/service.go:65.2,66.16 2 1
github.com/ivpn/dns/api/service/subscription/service.go:66.16,68.3 1 0
github.com/ivpn/dns/api/service/subscription/service.go:70.2,71.16 2 1
github.com/ivpn/dns/api/service/subscription/service.go:71.16,73.3 1 1
github.com/ivpn/dns/api/service/subscription/service.go:74.2,84.59 2 1
github.com/ivpn/dns/api/service/subscription/service.go:88.110,90.2 1 1
github.com/ivpn/dns/api/service/subscription/service.go:93.124,95.2 1 0
